"Pair_ID","Forward","Reverse","Distance","Coexpression_Coefficient","BH","DE_Forward","DE_Reverse","Count"
"Pair_1","TraesCS1A02G023100","TraesCS1A02G023000",433,0.67,0,"","",0
"Pair_10","TraesCS1A02G116600","TraesCS1A02G116500",209,0.5,0,"4v23 ","",0
"Pair_100","TraesCS1D02G141200","TraesCS1D02G141100",157,0.04,0.254621055721925,"","10v14 ",0
"Pair_1000","TraesCS7B02G350400","TraesCS7B02G350300",276,0.34,0,"4v23 ","4v23 ",1
"Pair_1001","TraesCS7B02G357000","TraesCS7B02G356900",633,0.35,0,"4v23 ","DH ",1
"Pair_1002","TraesCS7B02G396000","TraesCS7B02G395800",134,0.38,0,"","",0
"Pair_1003","TraesCS7B02G434000","TraesCS7B02G433900",366,-0.3,0,"","MS 4v23 DH ",0
"Pair_1004","TraesCS7B02G437400","TraesCS7B02G437300",769,0.87,0,"","",0
"Pair_1005","TraesCS7B02G441700","TraesCS7B02G441600",884,0.88,0,"","",0
"Pair_1006","TraesCS7B02G457600","TraesCS7B02G457500",201,0,0.94016178843338,"","",0
"Pair_1007","TraesCS7B02G457800","TraesCS7B02G457700",333,-0.02,0.679539999553867,"","",0
"Pair_1008","TraesCS7B02G458000","TraesCS7B02G457900",101,0.47,0,"","",0
"Pair_1009","TraesCS7B02G458500","TraesCS7B02G458400",392,-0.02,0.605329966129624,"","",0
"Pair_101","TraesCS1D02G152800","TraesCS1D02G152700",130,0.05,0.162740757729276,"","",0
"Pair_1010","TraesCS7B02G485700","TraesCS7B02G485600",498,0.65,0,"","",0
"Pair_1011","TraesCS7B02G487500","TraesCS7B02G487400",392,-0.01,0.776881710162272,"","",0
"Pair_1012","TraesCS7B02G487700","TraesCS7B02G487600",364,0.05,0.14891460889251,"","",0
"Pair_1013","TraesCS7B02G487900","TraesCS7B02G487800",201,-0.02,0.735993160280086,"","",0
"Pair_1014","TraesCS7D02G007700","TraesCS7D02G007600",868,0.47,0,"","",0
"Pair_1015","TraesCS7D02G014900","TraesCS7D02G014800",178,0.31,0,"4v23 ","4v23 ",1
"Pair_1016","TraesCS7D02G020800","TraesCS7D02G020700",463,0.92,0,"","",0
"Pair_1017","TraesCS7D02G032200","TraesCS7D02G032100",952,0.51,0,"","",0
"Pair_1018","TraesCS7D02G058900","TraesCS7D02G058800",150,0.29,0,"MS 4v23 ","",0
"Pair_1019","TraesCS7D02G062000","TraesCS7D02G061900",376,0.22,3.13489467485228e-12,"4v23 ","",0
"Pair_102","TraesCS1D02G163300","TraesCS1D02G163200",133,0.24,6.90536162358437e-14,"MS ","",0
"Pair_1020","TraesCS7D02G098700","TraesCS7D02G098600",344,0.22,8.06575887910234e-12,"","4v23 ",0
"Pair_1021","TraesCS7D02G106000","TraesCS7D02G105900",468,0.53,0,"4v23 ","4v23 ",1
"Pair_1022","TraesCS7D02G113300","TraesCS7D02G113200",120,0.52,0,"","4v23 ",0
"Pair_1023","TraesCS7D02G131100","TraesCS7D02G131000",163,0.53,0,"4v23 DH ","",0
"Pair_1024","TraesCS7D02G132000","TraesCS7D02G131900",162,0.49,0,"MS 4v23 DH ","4v23 ",3
"Pair_1025","TraesCS7D02G143000","TraesCS7D02G142900",405,0.03,0.522715717178584,"","4v23 DH ",0
"Pair_1026","TraesCS7D02G144600","TraesCS7D02G144500",901,0.74,0,"","",0
"Pair_1027","TraesCS7D02G156400","TraesCS7D02G156300",265,-0.06,0.0941280445072754,"MS 4v23 DH ","MS 4v23 ",6
"Pair_1028","TraesCS7D02G162500","TraesCS7D02G162400",142,0.65,0,"4v23 DH ","DH ",2
"Pair_1029","TraesCS7D02G203400","TraesCS7D02G203300",289,-0.4,0,"4v23 ","4v23 ",1
"Pair_103","TraesCS1D02G173600","TraesCS1D02G173500",205,0.08,0.0155368240652441,"4v23 DH ","MS ",2
"Pair_1030","TraesCS7D02G227000","TraesCS7D02G226900",190,0.1,0.00192694788017542,"4v23 DH ","",0
"Pair_1031","TraesCS7D02G238500","TraesCS7D02G238400",201,NA,NA,"","",0
"Pair_1032","TraesCS7D02G240000","TraesCS7D02G239900",459,0.01,0.891976781141136,"","",0
"Pair_1033","TraesCS7D02G249700","TraesCS7D02G249600",136,-0.14,2.45566838551322e-05,"","",0
"Pair_1034","TraesCS7D02G257200","TraesCS7D02G257100",365,0.05,0.156760923744042,"4v23 ","4v23 ",1
"Pair_1035","TraesCS7D02G264900","TraesCS7D02G264800",183,0.64,0,"MS 4v23 ","MS 4v23 DH ",6
"Pair_1036","TraesCS7D02G268700","TraesCS7D02G268600",192,0.59,0,"4v23 ","",0
"Pair_1037","TraesCS7D02G300700","TraesCS7D02G300600",388,-0.01,0.776917923267099,"","",0
"Pair_1038","TraesCS7D02G301600","TraesCS7D02G301500",130,0.01,0.861315720185897,"","",0
"Pair_1039","TraesCS7D02G308900","TraesCS7D02G308800",168,0.18,6.64781351922048e-09,"4v23 DH ","DH ",2
"Pair_104","TraesCS1D02G174800","TraesCS1D02G174700",140,0.44,0,"4v23 ","",0
"Pair_1040","TraesCS7D02G330500","TraesCS7D02G330400",493,0,0.958492039958749,"","",0
"Pair_1041","TraesCS7D02G345200","TraesCS7D02G345100",384,0.29,0,"4v23 ","4v23 DH ",2
"Pair_1042","TraesCS7D02G356300","TraesCS7D02G356200",713,0.25,4.99097238864723e-16,"","",0
"Pair_1043","TraesCS7D02G360500","TraesCS7D02G360400",149,0.25,2.95441763453156e-15,"4v23 DH ","4v23 DH ",4
"Pair_1044","TraesCS7D02G396000","TraesCS7D02G395900",310,0.38,0,"4v23 DH ","",0
"Pair_1045","TraesCS7D02G396700","TraesCS7D02G396600",542,0.35,0,"","",0
"Pair_1046","TraesCS7D02G402200","TraesCS7D02G402100",204,0.15,4.71279937726531e-06,"DH ","",0
"Pair_1047","TraesCS7D02G423600","TraesCS7D02G423500",277,0.5,0,"","",0
"Pair_1048","TraesCS7D02G443900","TraesCS7D02G443800",458,0.37,0,"4v23 ","4v23 ",1
"Pair_1049","TraesCS7D02G513100","TraesCS7D02G513200",189,0.88,0,"","",0
"Pair_105","TraesCS1D02G175600","TraesCS1D02G175500",493,0.28,0,"","",0
"Pair_1050","TraesCS7D02G528900","TraesCS7D02G528800",222,0.22,1.75874296399833e-12,"4v23 ","",0
"Pair_106","TraesCS1D02G179700","TraesCS1D02G179500",229,-0.01,0.92725518299975,"","",0
"Pair_107","TraesCS1D02G179800","TraesCS1D02G179600",433,0,0.967765005847557,"","",0
"Pair_108","TraesCS1D02G180800","TraesCS1D02G180700",660,-0.01,0.89012235507985,"","",0
"Pair_109","TraesCS1D02G182600","TraesCS1D02G182500",484,0.05,0.146807755659371,"","4v23 ",0
"Pair_11","TraesCS1A02G130400","TraesCS1A02G130300",101,0,0.980228984729355,"","",0
"Pair_110","TraesCS1D02G182900","TraesCS1D02G182800",103,-0.01,0.852708859631208,"","",0
"Pair_111","TraesCS1D02G183500","TraesCS1D02G183400",559,0.02,0.604447542907118,"","",0
"Pair_112","TraesCS1D02G184900","TraesCS1D02G184800",203,0.5,0,"10v14 4v23 DH ","",0
"Pair_113","TraesCS1D02G193200","TraesCS1D02G193100",363,0.06,0.110065458227607,"","",0
"Pair_114","TraesCS1D02G197900","TraesCS1D02G197800",168,0.44,0,"","MS 4v23 ",0
"Pair_115","TraesCS1D02G206200","TraesCS1D02G206100",821,0.26,0,"","",0
"Pair_116","TraesCS1D02G209300","TraesCS1D02G209200",728,-0.17,5.47536071703746e-08,"","",0
"Pair_117","TraesCS1D02G209800","TraesCS1D02G209700",290,0.46,0,"","4v23 ",0
"Pair_118","TraesCS1D02G221400","TraesCS1D02G221300",262,-0.14,2.47967479657639e-05,"","4v23 DH ",0
"Pair_119","TraesCS1D02G222500","TraesCS1D02G222400",128,-0.1,0.0018811969600733,"","",0
"Pair_12","TraesCS1A02G135900","TraesCS1A02G135800",340,0.13,2.91860124094068e-05,"","4v23 ",0
"Pair_120","TraesCS1D02G232100","TraesCS1D02G232000",164,0.36,0,"MS 4v23 ","4v23 ",2
"Pair_121","TraesCS1D02G236000","TraesCS1D02G235900",367,0.29,0,"","10v14 ",0
"Pair_122","TraesCS1D02G250600","TraesCS1D02G250500",116,0.48,0,"MS DH ","DH ",2
"Pair_123","TraesCS1D02G251300","TraesCS1D02G251200",613,NA,NA,"","",0
"Pair_124","TraesCS1D02G264400","TraesCS1D02G264300",227,0.49,0,"","4v23 ",0
"Pair_125","TraesCS1D02G287200","TraesCS1D02G287100",527,0.11,0.00120522404111458,"","",0
"Pair_126","TraesCS1D02G298800","TraesCS1D02G298700",915,0,0.955820861182868,"","",0
"Pair_127","TraesCS1D02G301100","TraesCS1D02G301000",582,-0.17,7.46084291998494e-08,"4v23 ","",0
"Pair_128","TraesCS1D02G303900","TraesCS1D02G303800",142,0.33,0,"4v23 ","MS ",1
"Pair_129","TraesCS1D02G306800","TraesCS1D02G306700",174,0.54,0,"4v23 ","",0
"Pair_13","TraesCS1A02G139900","TraesCS1A02G139800",408,-0.02,0.635862994766174,"4v23 DH ","",0
"Pair_130","TraesCS1D02G322500","TraesCS1D02G322400",156,0.33,0,"","",0
"Pair_131","TraesCS1D02G361700","TraesCS1D02G361600",140,-0.08,0.0236159879896524,"10v14 4v23 ","MS ",2
"Pair_132","TraesCS1D02G364500","TraesCS1D02G364400",529,-0.06,0.0804693706488776,"","",0
"Pair_133","TraesCS1D02G365700","TraesCS1D02G365600",109,0.23,6.5799679208583e-13,"4v23 ","MS DH ",2
"Pair_134","TraesCS1D02G373200","TraesCS1D02G373100",234,0,0.988835119052826,"","",0
"Pair_135","TraesCS1D02G373500","TraesCS1D02G373400",227,0.21,3.1491730336084e-11,"","",0
"Pair_136","TraesCS1D02G374100","TraesCS1D02G374000",153,0.48,0,"","DH ",0
"Pair_137","TraesCS1D02G390200","TraesCS1D02G390100",423,-0.01,0.754276195256624,"","",0
"Pair_138","TraesCS1D02G397100","TraesCS1D02G397000",225,0.49,0,"","4v23 ",0
"Pair_139","TraesCS1D02G399200","TraesCS1D02G399100",305,0.25,1.49053701712081e-15,"","",0
"Pair_14","TraesCS1A02G167400","TraesCS1A02G167300",198,0.03,0.399357782781168,"MS ","4v23 DH ",2
"Pair_140","TraesCS1D02G405000","TraesCS1D02G404900",155,0.08,0.0239081485682224,"","4v23 DH ",0
"Pair_141","TraesCS1D02G406100","TraesCS1D02G405900",154,0.42,0,"","",0
"Pair_142","TraesCS1D02G411600","TraesCS1D02G411500",904,0,0.957278302332026,"4v23 DH ","",0
"Pair_143","TraesCS1D02G412700","TraesCS1D02G412600",154,-0.01,0.852256324568288,"MS ","4v23 ",1
"Pair_144","TraesCS1D02G414900","TraesCS1D02G414800",626,0.17,3.73477383118924e-08,"","",0
"Pair_145","TraesCS1D02G417000","TraesCS1D02G416900",661,-0.2,1.88980064885946e-10,"","DH ",0
"Pair_146","TraesCS1D02G446800","TraesCS1D02G446700",644,-0.01,0.880899575655687,"","",0
"Pair_147","TraesCS1D02G451800","TraesCS1D02G451700",107,0.78,0,"","",0
"Pair_148","TraesCS2A02G001300","TraesCS2A02G001200",197,0.63,0,"","4v23 DH ",0
"Pair_149","TraesCS2A02G004300","TraesCS2A02G004200",357,0.89,0,"","MS 4v23 ",0
"Pair_15","TraesCS1A02G179200","TraesCS1A02G179100",387,0.1,0.00216941254952774,"","",0
"Pair_150","TraesCS2A02G004800","TraesCS2A02G004700",126,0.78,0,"4v23 ","MS 4v23 DH ",3
"Pair_151","TraesCS2A02G058700","TraesCS2A02G058600",165,0.14,2.23820149125064e-05,"4v23 ","10v14 ",1
"Pair_152","TraesCS2A02G077500","TraesCS2A02G077400",332,0.55,0,"","DH ",0
"Pair_153","TraesCS2A02G079700","TraesCS2A02G079600",144,0,0.967765005847557,"4v23 ","",0
"Pair_154","TraesCS2A02G125300","TraesCS2A02G125200",217,0.05,0.128982857597847,"4v23 ","MS ",1
"Pair_155","TraesCS2A02G138100","TraesCS2A02G138000",362,0.09,0.00621089681978253,"MS 4v23 ","MS 4v23 ",4
"Pair_156","TraesCS2A02G142900","TraesCS2A02G142800",188,0.37,0,"4v23 ","4v23 ",1
"Pair_157","TraesCS2A02G146100","TraesCS2A02G146000",280,0.55,0,"4v23 DH ","MS 4v23 GO ",6
"Pair_158","TraesCS2A02G150500","TraesCS2A02G150400",197,0.13,3.08151203140483e-05,"4v23 ","4v23 ",1
"Pair_159","TraesCS2A02G160400","TraesCS2A02G160300",262,0.17,1.16818039637808e-07,"","",0
"Pair_16","TraesCS1A02G181600","TraesCS1A02G181500",225,0.43,0,"4v23 DH ","",0
"Pair_160","TraesCS2A02G171800","TraesCS2A02G171700",288,0.38,0,"4v23 ","4v23 DH ",2
"Pair_161","TraesCS2A02G186500","TraesCS2A02G186400",650,0.78,0,"4v23 ","",0
"Pair_162","TraesCS2A02G196600","TraesCS2A02G196500",168,0.4,0,"4v23 ","",0
"Pair_163","TraesCS2A02G199500","TraesCS2A02G199400",106,-0.2,6.37058154919756e-10,"4v23 ","4v23 DH ",2
"Pair_164","TraesCS2A02G210900","TraesCS2A02G210800",312,0,0.965816096443972,"","",0
"Pair_165","TraesCS2A02G215900","TraesCS2A02G215800",564,0.91,0,"DH ","4v23 DH ",2
"Pair_166","TraesCS2A02G218300","TraesCS2A02G218200",308,0.31,0,"4v23 DH ","4v23 ",2
"Pair_167","TraesCS2A02G218900","TraesCS2A02G218800",197,0.35,0,"4v23 DH ","MS 4v23 ",4
"Pair_168","TraesCS2A02G220900","TraesCS2A02G220800",208,0.61,0,"","",0
"Pair_169","TraesCS2A02G227000","TraesCS2A02G226800",282,0.17,4.54192356750856e-08,"4v23 ","4v23 ",1
"Pair_17","TraesCS1A02G186400","TraesCS1A02G186300",217,0.85,0,"4v23 ","",0
"Pair_170","TraesCS2A02G242000","TraesCS2A02G241800",420,0,0.961476125701037,"","",0
"Pair_171","TraesCS2A02G242100","TraesCS2A02G241900",847,-0.01,0.861315720185897,"","",0
"Pair_172","TraesCS2A02G249600","TraesCS2A02G249500",315,0,0.950397784025654,"10v14 4v23 ","",0
"Pair_173","TraesCS2A02G284900","TraesCS2A02G284800",662,0.01,0.830728590486632,"4v23 ","",0
"Pair_174","TraesCS2A02G291600","TraesCS2A02G291500",300,-0.04,0.213343807473322,"","4v23 ",0
"Pair_175","TraesCS2A02G294000","TraesCS2A02G293900",288,0.42,0,"4v23 DH ","4v23 ",2
"Pair_176","TraesCS2A02G303300","TraesCS2A02G303200",847,0.41,0,"4v23 DH ","4v23 ",2
"Pair_177","TraesCS2A02G320900","TraesCS2A02G320800",250,0.46,0,"DH ","MS 4v23 DH ",3
"Pair_178","TraesCS2A02G347300","TraesCS2A02G347200",100,0.21,1.85712528917982e-11,"4v23 ","DH ",1
"Pair_179","TraesCS2A02G358000","TraesCS2A02G357900",100,0.72,0,"4v23 ","MS 4v23 DH ",3
"Pair_18","TraesCS1A02G206500","TraesCS1A02G206400",291,0.49,0,"","4v23 ",0
"Pair_180","TraesCS2A02G363200","TraesCS2A02G363100",354,0.23,3.41666089360098e-13,"","",0
"Pair_181","TraesCS2A02G374800","TraesCS2A02G374700",153,0.49,0,"4v23 ","",0
"Pair_182","TraesCS2A02G381800","TraesCS2A02G381700",152,0.49,0,"MS 4v23 ","4v23 DH ",4
"Pair_183","TraesCS2A02G392800","TraesCS2A02G392700",364,0.11,0.000481495492462181,"","DH ",0
"Pair_184","TraesCS2A02G406200","TraesCS2A02G406100",614,0.22,2.09872698929837e-12,"DH ","4v23 ",1
"Pair_185","TraesCS2A02G415600","TraesCS2A02G415500",114,0.11,0.000436011031786964,"MS 4v23 DH ","",0
"Pair_186","TraesCS2A02G424400","TraesCS2A02G424300",114,0.32,0,"4v23 ","DH ",1
"Pair_187","TraesCS2A02G437600","TraesCS2A02G437500",166,-0.02,0.709462226121616,"10v14 4v23 ","4v23 DH ",4
"Pair_188","TraesCS2A02G446300","TraesCS2A02G446200",904,0.44,0,"4v23 DH ","",0
"Pair_189","TraesCS2A02G455800","TraesCS2A02G455700",562,0.7,0,"MS 4v23 DH ","4v23 DH ",6
"Pair_19","TraesCS1A02G211700","TraesCS1A02G211600",851,0.03,0.433233500389534,"","",0
"Pair_190","TraesCS2A02G456000","TraesCS2A02G455900",293,0.58,0,"","4v23 DH ",0
"Pair_191","TraesCS2A02G492100","TraesCS2A02G492000",186,0.49,0,"4v23 ","4v23 DH ",2
"Pair_192","TraesCS2A02G495900","TraesCS2A02G495800",217,0.65,0,"DH ","MS 4v23 ",2
"Pair_193","TraesCS2A02G499500","TraesCS2A02G499400",162,0.39,0,"MS 4v23 DH ","DH ",3
"Pair_194","TraesCS2A02G518700","TraesCS2A02G518600",377,0.21,3.61200914772899e-11,"","MS 4v23 DH ",0
"Pair_195","TraesCS2A02G523600","TraesCS2A02G523500",216,0.89,0,"","MS 4v23 DH ",0
"Pair_196","TraesCS2A02G527200","TraesCS2A02G527100",810,0.29,0,"","",0
"Pair_197","TraesCS2A02G528800","TraesCS2A02G528700",128,0.65,0,"MS 4v23 ","4v23 DH ",4
"Pair_198","TraesCS2A02G545500","TraesCS2A02G545400",152,0.36,0,"4v23 DH ","4v23 DH ",4
"Pair_199","TraesCS2A02G551900","TraesCS2A02G551800",175,-0.01,0.919584346007729,"4v23 DH ","4v23 ",2
"Pair_2","TraesCS1A02G040500","TraesCS1A02G040400",172,0.68,0,"MS 4v23 ","MS 4v23 ",4
"Pair_20","TraesCS1A02G219900","TraesCS1A02G219800",160,-0.1,0.00178744414654049,"","4v23 DH ",0
"Pair_200","TraesCS2A02G559600","TraesCS2A02G559500",102,0.36,0,"MS 4v23 ","4v23 ",2
"Pair_201","TraesCS2A02G570000","TraesCS2A02G569900",595,0.85,0,"MS ","",0
"Pair_202","TraesCS2A02G586300","TraesCS2A02G586200",285,0.44,0,"","",0
"Pair_203","TraesCS2B02G033700","TraesCS2B02G033600",845,0.92,0,"","",0
"Pair_204","TraesCS2B02G051900","TraesCS2B02G051800",709,0.58,0,"","4v23 DH ",0
"Pair_205","TraesCS2B02G070800","TraesCS2B02G070700",169,0.05,0.186590086059394,"","4v23 ",0
"Pair_206","TraesCS2B02G081600","TraesCS2B02G081500",971,-0.07,0.0279493616718398,"4v23 ","",0
"Pair_207","TraesCS2B02G146700","TraesCS2B02G146600",364,0.13,6.27364683473233e-05,"","",0
"Pair_208","TraesCS2B02G147800","TraesCS2B02G147700",167,0.43,0,"4v23 ","MS ",1
"Pair_209","TraesCS2B02G162000","TraesCS2B02G161900",228,0.17,5.48956761074001e-08,"MS 4v23 ","MS 4v23 ",4
"Pair_21","TraesCS1A02G230000","TraesCS1A02G229900",291,0.4,0,"4v23 ","MS 4v23 ",2
"Pair_210","TraesCS2B02G168000","TraesCS2B02G167900",153,0.48,0,"4v23 ","4v23 ",1
"Pair_211","TraesCS2B02G171500","TraesCS2B02G171400",276,0.35,0,"4v23 DH ","MS 4v23 GO ",6
"Pair_212","TraesCS2B02G172700","TraesCS2B02G172600",101,0.59,0,"DH ","4v23 DH ",2
"Pair_213","TraesCS2B02G175700","TraesCS2B02G175600",172,0.33,0,"4v23 ","4v23 ",1
"Pair_214","TraesCS2B02G183500","TraesCS2B02G183400",255,0.4,0,"MS 4v23 ","",0
"Pair_215","TraesCS2B02G186700","TraesCS2B02G186600",198,0.27,0,"","",0
"Pair_216","TraesCS2B02G226800","TraesCS2B02G226700",131,-0.03,0.416757111118401,"4v23 ","4v23 DH ",2
"Pair_217","TraesCS2B02G243700","TraesCS2B02G243600",179,0.32,0,"4v23 DH ","4v23 ",2
"Pair_218","TraesCS2B02G244300","TraesCS2B02G244200",233,0.23,2.39518052001424e-13,"4v23 DH ","MS 4v23 ",4
"Pair_219","TraesCS2B02G256900","TraesCS2B02G256800",321,-0.19,2.19296992189409e-09,"","4v23 ",0
"Pair_22","TraesCS1A02G236500","TraesCS1A02G236400",375,0.18,2.56500087919867e-08,"","",0
"Pair_220","TraesCS2B02G266800","TraesCS2B02G266700",731,-0.02,0.618086216348096,"","4v23 ",0
"Pair_221","TraesCS2B02G282800","TraesCS2B02G282700",391,0,0.9404567851523,"","",0
"Pair_222","TraesCS2B02G283400","TraesCS2B02G283300",964,-0.01,0.864720657759673,"","",0
"Pair_223","TraesCS2B02G283700","TraesCS2B02G283600",201,-0.01,0.91571903171319,"","",0
"Pair_224","TraesCS2B02G302000","TraesCS2B02G301900",775,0.02,0.675258151938904,"4v23 ","",0
"Pair_225","TraesCS2B02G308100","TraesCS2B02G308000",598,-0.19,7.18394093668144e-10,"","4v23 ",0
"Pair_226","TraesCS2B02G310300","TraesCS2B02G310200",288,0.47,0,"4v23 DH ","4v23 ",2
"Pair_227","TraesCS2B02G331000","TraesCS2B02G330900",225,0.03,0.490830550793641,"","",0
"Pair_228","TraesCS2B02G331300","TraesCS2B02G331100",569,-0.01,0.897972493328459,"","",0
"Pair_229","TraesCS2B02G361900","TraesCS2B02G361800",149,0.43,0,"MS 4v23 DH ","DH ",3
"Pair_23","TraesCS1A02G251000","TraesCS1A02G250900",316,0.5,0,"MS DH ","DH ",2
"Pair_230","TraesCS2B02G377300","TraesCS2B02G377200",186,0.61,0,"4v23 ","MS 4v23 DH ",3
"Pair_231","TraesCS2B02G381100","TraesCS2B02G381000",245,0.57,0,"","",0
"Pair_232","TraesCS2B02G389800","TraesCS2B02G389700",134,0.34,0,"MS 4v23 ","MS DH ",4
"Pair_233","TraesCS2B02G391800","TraesCS2B02G391700",236,0.51,0,"4v23 ","",0
"Pair_234","TraesCS2B02G393600","TraesCS2B02G393500",364,0.93,0,"","",0
"Pair_235","TraesCS2B02G399100","TraesCS2B02G399000",147,0.25,1.98142352101017e-15,"MS 4v23 ","4v23 DH ",4
"Pair_236","TraesCS2B02G423900","TraesCS2B02G423800",464,0.14,6.27809067645939e-06,"DH ","4v23 ",1
"Pair_237","TraesCS2B02G431600","TraesCS2B02G431500",463,0.01,0.806785461962478,"","4v23 DH ",0
"Pair_238","TraesCS2B02G443100","TraesCS2B02G443000",710,0.45,0,"4v23 ","4v23 ",1
"Pair_239","TraesCS2B02G445300","TraesCS2B02G445200",763,0.79,0,"4v23 ","",0
"Pair_24","TraesCS1A02G264200","TraesCS1A02G264100",390,0.46,0,"","4v23 ",0
"Pair_240","TraesCS2B02G452700","TraesCS2B02G452600",980,-0.01,0.805638086401345,"","",0
"Pair_241","TraesCS2B02G457800","TraesCS2B02G457700",275,0.16,2.59697019986188e-07,"4v23 DH ","10v14 4v23 ",4
"Pair_242","TraesCS2B02G458000","TraesCS2B02G457900",710,-0.05,0.15638193758234,"DH ","",0
"Pair_243","TraesCS2B02G477800","TraesCS2B02G477700",591,0.49,0,"MS 4v23 DH ","4v23 DH ",6
"Pair_244","TraesCS2B02G478000","TraesCS2B02G477900",120,0.4,0,"","4v23 DH ",0
"Pair_245","TraesCS2B02G517100","TraesCS2B02G517000",358,0.9,0,"","",0
"Pair_246","TraesCS2B02G517300","TraesCS2B02G517200",175,0.56,0,"","",0
"Pair_247","TraesCS2B02G518200","TraesCS2B02G518100",246,0.45,0,"","",0
"Pair_248","TraesCS2B02G520200","TraesCS2B02G520100",146,0.49,0,"4v23 ","4v23 DH ",2
"Pair_249","TraesCS2B02G524200","TraesCS2B02G524100",136,0.34,0,"DH ","MS 4v23 ",2
"Pair_25","TraesCS1A02G282500","TraesCS1A02G282400",514,0.1,0.00161108477590449,"DH ","",0
"Pair_250","TraesCS2B02G532200","TraesCS2B02G532100",597,0.42,0,"4v23 DH ","",0
"Pair_251","TraesCS2B02G553500","TraesCS2B02G553400",275,0.86,0,"","MS 4v23 DH ",0
"Pair_252","TraesCS2B02G557800","TraesCS2B02G557700",270,0.3,0,"","",0
"Pair_253","TraesCS2B02G558600","TraesCS2B02G558500",534,0.09,0.00935842407695019,"4v23 ","4v23 ",1
"Pair_254","TraesCS2B02G559200","TraesCS2B02G559100",162,0.6,0,"MS 4v23 ","4v23 DH ",4
"Pair_255","TraesCS2B02G576000","TraesCS2B02G575900",412,0.38,0,"4v23 DH ","4v23 DH ",4
"Pair_256","TraesCS2B02G583200","TraesCS2B02G583100",157,0.35,0,"4v23 DH ","4v23 ",2
"Pair_257","TraesCS2B02G620200","TraesCS2B02G620100",369,0.09,0.00386915399666789,"","",0
"Pair_258","TraesCS2D02G004100","TraesCS2D02G004000",125,0.51,0,"MS 4v23 DH ","4v23 ",3
"Pair_259","TraesCS2D02G017000","TraesCS2D02G016900",863,0.37,0,"4v23 ","4v23 ",1
"Pair_26","TraesCS1A02G288200","TraesCS1A02G288100",218,0.21,9.3863480524004e-12,"","",0
"Pair_260","TraesCS2D02G031200","TraesCS2D02G031100",945,0.11,0.00107929511574969,"","4v23 ",0
"Pair_261","TraesCS2D02G057900","TraesCS2D02G057800",149,-0.12,0.000224337948586273,"4v23 ","",0
"Pair_262","TraesCS2D02G087300","TraesCS2D02G087200",840,-0.11,0.000517696186963119,"4v23 ","",0
"Pair_263","TraesCS2D02G128400","TraesCS2D02G128300",156,-0.03,0.359118085222544,"4v23 ","MS ",1
"Pair_264","TraesCS2D02G141100","TraesCS2D02G141000",226,-0.04,0.208933965670379,"MS 4v23 ","MS 4v23 ",4
"Pair_265","TraesCS2D02G146200","TraesCS2D02G146100",161,0.15,3.86449811151265e-06,"4v23 ","4v23 ",1
"Pair_266","TraesCS2D02G150700","TraesCS2D02G150600",279,0.2,2.2969537854415e-10,"4v23 DH ","MS 4v23 GO ",6
"Pair_267","TraesCS2D02G155600","TraesCS2D02G155500",141,0.37,0,"4v23 ","4v23 ",1
"Pair_268","TraesCS2D02G164100","TraesCS2D02G164000",479,0.26,0,"MS 4v23 ","",0
"Pair_269","TraesCS2D02G164400","TraesCS2D02G164300",374,-0.03,0.507608837597756,"","",0
"Pair_27","TraesCS1A02G307400","TraesCS1A02G307300",193,0.62,0,"4v23 ","",0
"Pair_270","TraesCS2D02G167800","TraesCS2D02G167700",208,0.24,3.57452858735454e-14,"","",0
"Pair_271","TraesCS2D02G204600","TraesCS2D02G204500",211,0.2,4.13374613558117e-10,"4v23 ","",0
"Pair_272","TraesCS2D02G207100","TraesCS2D02G207000",134,-0.18,2.63192261101287e-08,"10v14 4v23 ","4v23 DH ",4
"Pair_273","TraesCS2D02G221500","TraesCS2D02G221400",504,0.93,0,"DH ","4v23 DH ",2
"Pair_274","TraesCS2D02G222200","TraesCS2D02G222100",336,0.43,0,"","",0
"Pair_275","TraesCS2D02G224600","TraesCS2D02G224500",115,0.19,1.31622657648208e-09,"MS 4v23 ","4v23 DH ",4
"Pair_276","TraesCS2D02G225200","TraesCS2D02G225100",175,0.32,0,"4v23 ","4v23 DH ",2
"Pair_277","TraesCS2D02G247200","TraesCS2D02G247100",292,-0.01,0.864720657759673,"","",0
"Pair_278","TraesCS2D02G247500","TraesCS2D02G247400",959,-0.01,0.888551189857823,"","",0
"Pair_279","TraesCS2D02G251200","TraesCS2D02G251100",203,0.35,0,"4v23 ","4v23 ",1
"Pair_28","TraesCS1A02G347900","TraesCS1A02G347800",168,0.48,0,"","",0
"Pair_280","TraesCS2D02G264100","TraesCS2D02G263900",122,0,0.93242955497598,"","",0
"Pair_281","TraesCS2D02G273900","TraesCS2D02G273800",593,-0.02,0.678366361917287,"4v23 ","",0
"Pair_282","TraesCS2D02G283600","TraesCS2D02G283500",901,0.02,0.560252233445009,"4v23 ","",0
"Pair_283","TraesCS2D02G289600","TraesCS2D02G289500",263,-0.21,5.77046178093777e-11,"4v23 ","4v23 ",1
"Pair_284","TraesCS2D02G291600","TraesCS2D02G291500",301,0.42,0,"4v23 DH ","4v23 ",2
"Pair_285","TraesCS2D02G301900","TraesCS2D02G301800",406,0.12,0.000220919543111817,"4v23 DH ","4v23 ",2
"Pair_286","TraesCS2D02G305700","TraesCS2D02G305600",135,0.01,0.822564469166325,"","MS 4v23 ",0
"Pair_287","TraesCS2D02G338000","TraesCS2D02G337900",102,0.27,0,"4v23 DH ","4v23 DH ",4
"Pair_288","TraesCS2D02G341600","TraesCS2D02G341500",148,0.45,0,"DH ","MS 4v23 DH ",3
"Pair_289","TraesCS2D02G342400","TraesCS2D02G342300",228,-0.02,0.543183056946549,"","4v23 DH ",0
"Pair_29","TraesCS1A02G349100","TraesCS1A02G349000",261,0,0.952799512099599,"MS 4v23 ","4v23 ",2
"Pair_290","TraesCS2D02G342900","TraesCS2D02G342800",159,0.16,2.62997875714198e-07,"","4v23 ",0
"Pair_291","TraesCS2D02G345900","TraesCS2D02G345800",287,0.06,0.110065458227607,"4v23 ","DH ",1
"Pair_292","TraesCS2D02G356800","TraesCS2D02G356700",120,0.67,0,"4v23 ","MS 4v23 DH ",3
"Pair_293","TraesCS2D02G360300","TraesCS2D02G360200",123,0.28,0,"DH ","4v23 ",1
"Pair_294","TraesCS2D02G360500","TraesCS2D02G360400",362,0.32,0,"","",0
"Pair_295","TraesCS2D02G368000","TraesCS2D02G367900",623,0.95,0,"","",0
"Pair_296","TraesCS2D02G369000","TraesCS2D02G368900",143,0.74,0,"MS 4v23 ","MS DH ",4
"Pair_297","TraesCS2D02G371200","TraesCS2D02G371100",158,0.28,0,"4v23 ","",0
"Pair_298","TraesCS2D02G378300","TraesCS2D02G378200",152,0.34,0,"4v23 ","DH ",1
"Pair_299","TraesCS2D02G380000","TraesCS2D02G379900",589,0.36,0,"","",0
"Pair_3","TraesCS1A02G041500","TraesCS1A02G041400",472,0.79,0,"4v23 ","",0
"Pair_30","TraesCS1A02G368300","TraesCS1A02G368200",569,-0.02,0.646013401069766,"","",0
"Pair_300","TraesCS2D02G390900","TraesCS2D02G390800",502,0.1,0.00371424588014599,"","DH ",0
"Pair_301","TraesCS2D02G403100","TraesCS2D02G403000",375,0.12,0.000248196999440416,"DH ","4v23 ",1
"Pair_302","TraesCS2D02G421400","TraesCS2D02G421300",216,0.43,0,"4v23 ","10v14 4v23 ",2
"Pair_303","TraesCS2D02G434700","TraesCS2D02G434600",193,0.23,3.26172469782563e-13,"4v23 DH ","4v23 ",2
"Pair_304","TraesCS2D02G449800","TraesCS2D02G449700",402,0.06,0.0638749556959301,"","",0
"Pair_305","TraesCS2D02G456300","TraesCS2D02G456200",164,NA,NA,"","4v23 DH ",0
"Pair_306","TraesCS2D02G471300","TraesCS2D02G471200",268,0.85,0,"","",0
"Pair_307","TraesCS2D02G471500","TraesCS2D02G471400",159,0.61,0,"","",0
"Pair_308","TraesCS2D02G492300","TraesCS2D02G492200",265,0.37,0,"4v23 ","4v23 DH ",2
"Pair_309","TraesCS2D02G496200","TraesCS2D02G496100",165,0.69,0,"DH ","MS 4v23 ",2
"Pair_31","TraesCS1A02G389100","TraesCS1A02G389000",162,0.54,0,"","4v23 ",0
"Pair_310","TraesCS2D02G499600","TraesCS2D02G499500",124,0.48,0,"MS 4v23 DH ","DH ",3
"Pair_311","TraesCS2D02G520100","TraesCS2D02G520000",210,0.28,0,"","MS 4v23 DH ",0
"Pair_312","TraesCS2D02G525700","TraesCS2D02G525600",177,0.88,0,"","MS 4v23 DH ",0
"Pair_313","TraesCS2D02G530100","TraesCS2D02G530000",403,0.41,0,"","",0
"Pair_314","TraesCS2D02G530900","TraesCS2D02G530700",525,0.69,0,"4v23 ","4v23 ",1
"Pair_315","TraesCS2D02G531700","TraesCS2D02G531600",175,0.73,0,"MS 4v23 ","4v23 DH ",4
"Pair_316","TraesCS2D02G546400","TraesCS2D02G546300",395,0.46,0,"4v23 DH ","4v23 DH ",4
"Pair_317","TraesCS2D02G548500","TraesCS2D02G548400",821,0.3,0,"","",0
"Pair_318","TraesCS2D02G552900","TraesCS2D02G552800",151,0.15,3.30301163024456e-06,"4v23 DH ","4v23 ",2
"Pair_319","TraesCS2D02G570600","TraesCS2D02G570500",313,0.16,8.67317587930476e-07,"","",0
"Pair_32","TraesCS1A02G397100","TraesCS1A02G397000",142,0.46,0,"","4v23 DH ",0
"Pair_320","TraesCS2D02G571000","TraesCS2D02G570900",214,0.53,0,"4v23 ","MS 4v23 ",2
"Pair_321","TraesCS2D02G600400","TraesCS2D02G600300",310,0.9,0,"","",0
"Pair_322","TraesCS3A02G012600","TraesCS3A02G012500",688,0.99,0,"","",0
"Pair_323","TraesCS3A02G016700","TraesCS3A02G016600",969,0.4,0,"4v23 ","",0
"Pair_324","TraesCS3A02G065500","TraesCS3A02G065400",266,-0.06,0.0747124162269093,"MS ","",0
"Pair_325","TraesCS3A02G090000","TraesCS3A02G089900",382,-0.07,0.0513532693886565,"","",0
"Pair_326","TraesCS3A02G091500","TraesCS3A02G091400",205,0.1,0.0025764176624326,"DH ","MS ",1
"Pair_327","TraesCS3A02G094900","TraesCS3A02G094800",534,-0.14,8.6272877647132e-06,"","",0
"Pair_328","TraesCS3A02G103700","TraesCS3A02G103600",243,0.09,0.00584869608822563,"MS ","10v14 4v23 ",2
"Pair_329","TraesCS3A02G112100","TraesCS3A02G112000",103,-0.14,2.09866700216472e-05,"","",0
"Pair_33","TraesCS1A02G398500","TraesCS1A02G398400",320,0.49,0,"","",0
"Pair_330","TraesCS3A02G131300","TraesCS3A02G131200",763,0.38,0,"","",0
"Pair_331","TraesCS3A02G137000","TraesCS3A02G136900",267,0.77,0,"10v14 4v23 ","4v23 ",2
"Pair_332","TraesCS3A02G149200","TraesCS3A02G149100",429,0.01,0.814267019701547,"","",0
"Pair_333","TraesCS3A02G159500","TraesCS3A02G159400",207,0.3,0,"MS 4v23 ","",0
"Pair_334","TraesCS3A02G160900","TraesCS3A02G160800",213,0.44,0,"4v23 ","4v23 ",1
"Pair_335","TraesCS3A02G163200","TraesCS3A02G163100",337,0.39,0,"","MS 4v23 DH ",0
"Pair_336","TraesCS3A02G175600","TraesCS3A02G175500",148,0.68,0,"4v23 ","",0
"Pair_337","TraesCS3A02G180500","TraesCS3A02G180400",243,0.53,0,"","",0
"Pair_338","TraesCS3A02G223700","TraesCS3A02G223600",124,0.38,0,"","",0
"Pair_339","TraesCS3A02G231900","TraesCS3A02G231800",185,0.31,0,"","",0
"Pair_34","TraesCS1A02G406500","TraesCS1A02G406400",561,0.07,0.0368186431706704,"","",0
"Pair_340","TraesCS3A02G236900","TraesCS3A02G236800",152,0.53,0,"4v23 DH ","4v23 DH ",4
"Pair_341","TraesCS3A02G244300","TraesCS3A02G244200",194,-0.29,0,"4v23 ","",0
"Pair_342","TraesCS3A02G251800","TraesCS3A02G251700",146,0.33,0,"","DH ",0
"Pair_343","TraesCS3A02G261600","TraesCS3A02G261500",835,0.43,0,"","",0
"Pair_344","TraesCS3A02G263700","TraesCS3A02G263600",421,-0.08,0.0123191733825131,"","",0
"Pair_345","TraesCS3A02G275700","TraesCS3A02G275600",234,-0.2,5.85794312140466e-10,"","",0
"Pair_346","TraesCS3A02G278500","TraesCS3A02G278400",172,0.69,0,"MS 4v23 DH ","",0
"Pair_347","TraesCS3A02G295800","TraesCS3A02G295700",156,0.97,0,"","",0
"Pair_348","TraesCS3A02G296500","TraesCS3A02G296400",286,-0.06,0.0855605156736787,"4v23 ","",0
"Pair_349","TraesCS3A02G298100","TraesCS3A02G298000",528,0.15,4.69944259783646e-06,"","",0
"Pair_35","TraesCS1A02G417300","TraesCS1A02G417200",721,-0.11,0.000397618202070341,"4v23 DH ","",0
"Pair_350","TraesCS3A02G303100","TraesCS3A02G303000",126,0.58,0,"4v23 ","4v23 ",1
"Pair_351","TraesCS3A02G313000","TraesCS3A02G312900",388,0.53,0,"4v23 ","",0
"Pair_352","TraesCS3A02G321000","TraesCS3A02G320900",678,0.72,0,"10v14 4v23 ","",0
"Pair_353","TraesCS3A02G324500","TraesCS3A02G324400",181,0.05,0.118568318105248,"","",0
"Pair_354","TraesCS3A02G334900","TraesCS3A02G334800",107,0.24,1.74918902891531e-14,"MS ","10v14 4v23 DH ",3
"Pair_355","TraesCS3A02G339500","TraesCS3A02G339400",307,0.6,0,"","",0
"Pair_356","TraesCS3A02G349900","TraesCS3A02G349800",412,0.67,0,"4v23 DH ","MS 4v23 DH ",6
"Pair_357","TraesCS3A02G380900","TraesCS3A02G380800",265,0.29,0,"4v23 ","4v23 DH ",2
"Pair_358","TraesCS3A02G394500","TraesCS3A02G394400",396,0.5,0,"DH ","DH ",1
"Pair_359","TraesCS3A02G415700","TraesCS3A02G415600",464,-0.01,0.887061750485403,"","",0
"Pair_36","TraesCS1A02G443700","TraesCS1A02G443600",240,0.39,0,"","",0
"Pair_360","TraesCS3A02G417800","TraesCS3A02G417700",116,0.07,0.0444060917944343,"","MS 4v23 DH ",0
"Pair_361","TraesCS3A02G419300","TraesCS3A02G419200",273,0.03,0.476613658738078,"","4v23 ",0
"Pair_362","TraesCS3A02G429800","TraesCS3A02G429700",476,0.09,0.0101855029426506,"MS 4v23 DH ","",0
"Pair_363","TraesCS3A02G431300","TraesCS3A02G431100",847,0,0.949176513470538,"","",0
"Pair_364","TraesCS3A02G431400","TraesCS3A02G431200",123,-0.06,0.0569989437468052,"","",0
"Pair_365","TraesCS3A02G502600","TraesCS3A02G502500",363,-0.01,0.919832776805412,"","",0
"Pair_366","TraesCS3A02G516600","TraesCS3A02G516500",101,-0.11,0.000436011031786964,"4v23 DH ","",0
"Pair_367","TraesCS3A02G536100","TraesCS3A02G536000",283,0.87,0,"","",0
"Pair_368","TraesCS3B02G025800","TraesCS3B02G025700",611,0.08,0.015520545418129,"","",0
"Pair_369","TraesCS3B02G026100","TraesCS3B02G026000",691,0.26,0,"","",0
"Pair_37","TraesCS1B02G014500","TraesCS1B02G014400",700,0.9,0,"","",0
"Pair_370","TraesCS3B02G069000","TraesCS3B02G068900",826,0.28,0,"","4v23 ",0
"Pair_371","TraesCS3B02G078900","TraesCS3B02G078800",345,0.07,0.0378241710684131,"MS ","",0
"Pair_372","TraesCS3B02G106700","TraesCS3B02G106600",145,0.1,0.00168039210392918,"DH ","MS ",1
"Pair_373","TraesCS3B02G121100","TraesCS3B02G121000",407,0.23,2.50047002655148e-13,"MS ","10v14 4v23 ",2
"Pair_374","TraesCS3B02G151900","TraesCS3B02G151800",273,0.92,0,"","",0
"Pair_375","TraesCS3B02G154900","TraesCS3B02G154800",256,0.87,0,"10v14 4v23 ","4v23 ",2
"Pair_376","TraesCS3B02G159000","TraesCS3B02G158900",122,0.45,0,"","4v23 ",0
"Pair_377","TraesCS3B02G172200","TraesCS3B02G172100",312,0.59,0,"","",0
"Pair_378","TraesCS3B02G176500","TraesCS3B02G176400",385,0.04,0.284621823963009,"","",0
"Pair_379","TraesCS3B02G186100","TraesCS3B02G186000",780,0.03,0.38230493939834,"","",0
"Pair_38","TraesCS1B02G034000","TraesCS1B02G033900",726,0.04,0.262644413302839,"","4v23 ",0
"Pair_380","TraesCS3B02G187500","TraesCS3B02G187400",103,0.05,0.149285661004102,"","",0
"Pair_381","TraesCS3B02G191500","TraesCS3B02G191400",208,0.16,8.84911263130384e-07,"4v23 ","4v23 ",1
"Pair_382","TraesCS3B02G194300","TraesCS3B02G194200",184,0.13,4.15843362471452e-05,"","MS 4v23 DH ",0
"Pair_383","TraesCS3B02G210200","TraesCS3B02G210100",227,0.54,0,"","",0
"Pair_384","TraesCS3B02G261200","TraesCS3B02G261100",169,-0.02,0.70644641271335,"","",0
"Pair_385","TraesCS3B02G263000","TraesCS3B02G262900",186,0.42,0,"4v23 DH ","4v23 DH ",4
"Pair_386","TraesCS3B02G275800","TraesCS3B02G275700",185,-0.22,1.67199400129135e-12,"","4v23 ",0
"Pair_387","TraesCS3B02G281300","TraesCS3B02G281200",260,0.43,0,"","DH ",0
"Pair_388","TraesCS3B02G286000","TraesCS3B02G285900",708,-0.01,0.869721275848279,"","",0
"Pair_389","TraesCS3B02G294800","TraesCS3B02G294700",859,0.34,0,"","",0
"Pair_39","TraesCS1B02G071800","TraesCS1B02G071700",194,0.18,6.3391225534433e-09,"4v23 ","",0
"Pair_390","TraesCS3B02G296900","TraesCS3B02G296800",258,0.14,9.37923142679244e-06,"","",0
"Pair_391","TraesCS3B02G300100","TraesCS3B02G300000",146,0.52,0,"","MS 4v23 DH ",0
"Pair_392","TraesCS3B02G307500","TraesCS3B02G307400",111,0.28,0,"","4v23 ",0
"Pair_393","TraesCS3B02G312700","TraesCS3B02G312600",313,0.56,0,"MS 4v23 DH ","",0
"Pair_394","TraesCS3B02G334000","TraesCS3B02G333900",316,0.2,1.3489939103217e-10,"","",0
"Pair_395","TraesCS3B02G334800","TraesCS3B02G334700",695,-0.01,0.800727026767871,"","",0
"Pair_396","TraesCS3B02G335200","TraesCS3B02G335100",235,0.58,0,"4v23 ","",0
"Pair_397","TraesCS3B02G340700","TraesCS3B02G340600",213,-0.11,0.00063192341290317,"","4v23 ",0
"Pair_398","TraesCS3B02G341200","TraesCS3B02G341100",322,0.9,0,"","",0
"Pair_399","TraesCS3B02G341400","TraesCS3B02G341300",253,0.9,0,"","",0
"Pair_4","TraesCS1A02G042000","TraesCS1A02G041900",614,0.05,0.152054798069757,"","MS ",0
"Pair_40","TraesCS1B02G081500","TraesCS1B02G081400",125,0.25,2.46937497853846e-15,"MS ","4v23 ",1
"Pair_400","TraesCS3B02G344900","TraesCS3B02G344800",866,0.59,0,"","4v23 ",0
"Pair_401","TraesCS3B02G349800","TraesCS3B02G349700",514,0.34,0,"","",0
"Pair_402","TraesCS3B02G353500","TraesCS3B02G353400",132,0.16,2.61244829825765e-07,"","",0
"Pair_403","TraesCS3B02G358800","TraesCS3B02G358700",301,0.91,0,"","",0
"Pair_404","TraesCS3B02G362600","TraesCS3B02G362500",119,0.67,0,"4v23 ","4v23 ",1
"Pair_405","TraesCS3B02G365800","TraesCS3B02G365700",268,0.42,0,"MS ","10v14 4v23 DH ",3
"Pair_406","TraesCS3B02G374900","TraesCS3B02G374800",187,0.28,0,"","",0
"Pair_407","TraesCS3B02G382500","TraesCS3B02G382400",426,0.67,0,"4v23 DH ","MS 4v23 DH ",6
"Pair_408","TraesCS3B02G413600","TraesCS3B02G413500",184,0.17,3.85976611403776e-08,"4v23 ","4v23 DH ",2
"Pair_409","TraesCS3B02G454600","TraesCS3B02G454500",294,0.04,0.318268522546531,"","4v23 ",0
"Pair_41","TraesCS1B02G101200","TraesCS1B02G101100",569,0.19,4.99926995136154e-09,"","",0
"Pair_410","TraesCS3B02G461100","TraesCS3B02G461000",576,0.2,1.60149113526131e-10,"","",0
"Pair_411","TraesCS3B02G467700","TraesCS3B02G467600",486,0.04,0.263911198558434,"MS 4v23 DH ","",0
"Pair_412","TraesCS3B02G478500","TraesCS3B02G478400",762,0.78,0,"","",0
"Pair_413","TraesCS3B02G493700","TraesCS3B02G493600",882,0.24,1.07210209245219e-14,"4v23 ","4v23 ",1
"Pair_414","TraesCS3B02G495200","TraesCS3B02G495100",252,0.44,0,"","",0
"Pair_415","TraesCS3B02G510900","TraesCS3B02G510800",561,-0.03,0.4563520944018,"4v23 ","",0
"Pair_416","TraesCS3B02G533400","TraesCS3B02G533300",960,0.05,0.172104652195583,"","MS ",0
"Pair_417","TraesCS3B02G539800","TraesCS3B02G539700",732,NA,NA,"","",0
"Pair_418","TraesCS3B02G564600","TraesCS3B02G564500",201,0,0.972323079418512,"","",0
"Pair_419","TraesCS3B02G604600","TraesCS3B02G604500",312,0.54,0,"","",0
"Pair_42","TraesCS1B02G105300","TraesCS1B02G105200",249,0.78,0,"4v23 ","4v23 ",1
"Pair_420","TraesCS3B02G604900","TraesCS3B02G604800",662,0.76,0,"","",0
"Pair_421","TraesCS3D02G010900","TraesCS3D02G010800",717,1,0,"","",0
"Pair_422","TraesCS3D02G011100","TraesCS3D02G011000",635,1,0,"","",0
"Pair_423","TraesCS3D02G014000","TraesCS3D02G013900",591,0.65,0,"","4v23 ",0
"Pair_424","TraesCS3D02G014200","TraesCS3D02G014100",923,0.8,0,"","4v23 ",0
"Pair_425","TraesCS3D02G043400","TraesCS3D02G043300",910,0.21,3.7680255287824e-11,"","4v23 ",0
"Pair_426","TraesCS3D02G053400","TraesCS3D02G053300",602,0,0.979376215824995,"","",0
"Pair_427","TraesCS3D02G063100","TraesCS3D02G063000",677,0.96,0,"4v23 ","4v23 ",1
"Pair_428","TraesCS3D02G091400","TraesCS3D02G091300",189,0.07,0.0450922385518086,"DH ","MS ",1
"Pair_429","TraesCS3D02G106000","TraesCS3D02G105900",254,0.23,1.50701513618299e-13,"MS ","10v14 4v23 ",2
"Pair_43","TraesCS1B02G115500","TraesCS1B02G115400",208,0.81,0,"","4v23 ",0
"Pair_430","TraesCS3D02G137800","TraesCS3D02G137700",226,0.83,0,"4v23 ","4v23 ",1
"Pair_431","TraesCS3D02G157300","TraesCS3D02G157200",346,0.13,3.27505835908376e-05,"","",0
"Pair_432","TraesCS3D02G168100","TraesCS3D02G168000",130,0.51,0,"4v23 ","4v23 ",1
"Pair_433","TraesCS3D02G169800","TraesCS3D02G169700",253,0.31,0,"MS 4v23 DH ","",0
"Pair_434","TraesCS3D02G176500","TraesCS3D02G176400",301,0.31,0,"4v23 ","",0
"Pair_435","TraesCS3D02G181100","TraesCS3D02G181000",222,0.62,0,"4v23 ","",0
"Pair_436","TraesCS3D02G185400","TraesCS3D02G185300",500,0.57,0,"","",0
"Pair_437","TraesCS3D02G198800","TraesCS3D02G198700",472,-0.01,0.894733769748692,"","4v23 DH ",0
"Pair_438","TraesCS3D02G221500","TraesCS3D02G221400",249,0.13,2.89966052784679e-05,"","",0
"Pair_439","TraesCS3D02G229900","TraesCS3D02G229800",130,0.56,0,"","",0
"Pair_44","TraesCS1B02G117200","TraesCS1B02G117100",881,0.34,0,"4v23 ","",0
"Pair_440","TraesCS3D02G236300","TraesCS3D02G236200",498,-0.02,0.582648594098917,"","4v23 ",0
"Pair_441","TraesCS3D02G237300","TraesCS3D02G237200",105,0.46,0,"4v23 DH ","4v23 DH ",4
"Pair_442","TraesCS3D02G252200","TraesCS3D02G252100",152,0.24,5.87381994895016e-15,"","DH ",0
"Pair_443","TraesCS3D02G263600","TraesCS3D02G263500",372,0.22,1.62688266614232e-12,"","",0
"Pair_444","TraesCS3D02G273100","TraesCS3D02G273000",109,0.33,0,"","4v23 ",0
"Pair_445","TraesCS3D02G277900","TraesCS3D02G277800",665,0.3,0,"","MS 4v23 ",0
"Pair_446","TraesCS3D02G278800","TraesCS3D02G278700",209,0.69,0,"MS 4v23 DH ","",0
"Pair_447","TraesCS3D02G280700","TraesCS3D02G280600",489,0.25,2.46937497853846e-15,"4v23 DH ","",0
"Pair_448","TraesCS3D02G298800","TraesCS3D02G298700",225,0.65,0,"4v23 ","4v23 ",1
"Pair_449","TraesCS3D02G299400","TraesCS3D02G299300",138,0.22,5.22302275606665e-12,"","",0
"Pair_45","TraesCS1B02G136600","TraesCS1B02G136500",120,0.56,0,"4v23 ","",0
"Pair_450","TraesCS3D02G300500","TraesCS3D02G300400",514,0,0.952799512099599,"4v23 ","",0
"Pair_451","TraesCS3D02G304200","TraesCS3D02G304100",498,0.2,3.34173921735984e-10,"","",0
"Pair_452","TraesCS3D02G306300","TraesCS3D02G306200",294,-0.18,1.71569818545142e-08,"","4v23 ",0
"Pair_453","TraesCS3D02G307300","TraesCS3D02G307200",317,0.98,0,"","",0
"Pair_454","TraesCS3D02G307500","TraesCS3D02G307400",323,0.3,0,"","",0
"Pair_455","TraesCS3D02G322300","TraesCS3D02G322200",614,0.77,0,"","",0
"Pair_456","TraesCS3D02G326100","TraesCS3D02G325900",223,0.7,0,"4v23 ","4v23 ",1
"Pair_457","TraesCS3D02G328200","TraesCS3D02G328100",179,0.25,4.99097238864723e-16,"MS ","10v14 4v23 DH ",3
"Pair_458","TraesCS3D02G343900","TraesCS3D02G343800",491,0.68,0,"4v23 DH ","MS 4v23 DH ",6
"Pair_459","TraesCS3D02G374100","TraesCS3D02G374000",178,0.21,1.84232362698822e-11,"4v23 ","4v23 DH ",2
"Pair_46","TraesCS1B02G159700","TraesCS1B02G159600",299,0,0.952248366134147,"10v14 ","",0
"Pair_460","TraesCS3D02G385300","TraesCS3D02G385200",383,-0.13,5.77493100633648e-05,"4v23 ","",0
"Pair_461","TraesCS3D02G386800","TraesCS3D02G386700",130,NA,NA,"","",0
"Pair_462","TraesCS3D02G401000","TraesCS3D02G400900",658,0.11,0.000699573002798043,"","",0
"Pair_463","TraesCS3D02G415000","TraesCS3D02G414900",367,0.1,0.0019916326211448,"","4v23 ",0
"Pair_464","TraesCS3D02G425100","TraesCS3D02G425000",326,0.05,0.131644469020146,"MS 4v23 DH ","",0
"Pair_465","TraesCS3D02G437000","TraesCS3D02G436900",673,0.85,0,"","4v23 ",0
"Pair_466","TraesCS3D02G447200","TraesCS3D02G447100",103,-0.01,0.87703045948973,"","",0
"Pair_467","TraesCS3D02G448400","TraesCS3D02G448300",440,0.67,0,"","",0
"Pair_468","TraesCS3D02G469800","TraesCS3D02G469600",149,0.15,2.72627175671774e-06,"","",0
"Pair_469","TraesCS3D02G496000","TraesCS3D02G495900",533,0.32,0,"","",0
"Pair_47","TraesCS1B02G185300","TraesCS1B02G185200",395,0.26,0,"","",0
"Pair_470","TraesCS3D02G499500","TraesCS3D02G499300",845,0,0.952248366134147,"","",0
"Pair_471","TraesCS3D02G509500","TraesCS3D02G509400",601,0,0.949518429484605,"","",0
"Pair_472","TraesCS3D02G524300","TraesCS3D02G524200",170,-0.19,2.03983723194619e-09,"","",0
"Pair_473","TraesCS3D02G524500","TraesCS3D02G524400",208,-0.09,0.00436233833960287,"DH ","DH ",1
"Pair_474","TraesCS4A02G010800","TraesCS4A02G010700",678,0.31,0,"4v23 ","10v14 4v23 ",2
"Pair_475","TraesCS4A02G034600","TraesCS4A02G034500",618,0.88,0,"","4v23 ",0
"Pair_476","TraesCS4A02G040900","TraesCS4A02G040800",195,0.4,0,"4v23 ","",0
"Pair_477","TraesCS4A02G043700","TraesCS4A02G043600",221,0.61,0,"MS ","4v23 ",1
"Pair_478","TraesCS4A02G045300","TraesCS4A02G045200",122,0.42,0,"4v23 ","4v23 DH ",2
"Pair_479","TraesCS4A02G046300","TraesCS4A02G046200",177,0.37,0,"","4v23 ",0
"Pair_48","TraesCS1B02G199300","TraesCS1B02G199200",268,0.5,0,"","4v23 DH ",0
"Pair_480","TraesCS4A02G070400","TraesCS4A02G070300",201,0,0.947592609240453,"","",0
"Pair_481","TraesCS4A02G084700","TraesCS4A02G084600",184,0.56,0,"4v23 ","",0
"Pair_482","TraesCS4A02G088800","TraesCS4A02G088700",647,0.1,0.00187137047278085,"4v23 ","MS 4v23 ",2
"Pair_483","TraesCS4A02G095600","TraesCS4A02G095500",396,0.04,0.260634523135881,"4v23 ","MS DH ",2
"Pair_484","TraesCS4A02G098800","TraesCS4A02G098700",300,0.93,0,"","",0
"Pair_485","TraesCS4A02G099500","TraesCS4A02G099400",283,0.05,0.178371514762732,"DH ","MS 4v23 DH ",3
"Pair_486","TraesCS4A02G105200","TraesCS4A02G105100",262,0.57,0,"4v23 DH ","MS ",2
"Pair_487","TraesCS4A02G105500","TraesCS4A02G105400",112,0.59,0,"4v23 DH ","4v23 DH ",4
"Pair_488","TraesCS4A02G113300","TraesCS4A02G113200",320,0.41,0,"4v23 DH ","4v23 ",2
"Pair_489","TraesCS4A02G139600","TraesCS4A02G139500",158,0.43,0,"MS ","DH ",1
"Pair_49","TraesCS1B02G204600","TraesCS1B02G204500",125,0.2,1.85213376550535e-10,"MS ","",0
"Pair_490","TraesCS4A02G141800","TraesCS4A02G141700",187,0.48,0,"MS 4v23 ","4v23 ",2
"Pair_491","TraesCS4A02G144900","TraesCS4A02G144800",296,-0.05,0.181975761375483,"","",0
"Pair_492","TraesCS4A02G152600","TraesCS4A02G152400",662,-0.01,0.925487537962614,"","",0
"Pair_493","TraesCS4A02G152900","TraesCS4A02G152800",218,-0.01,0.892427687892818,"","",0
"Pair_494","TraesCS4A02G153700","TraesCS4A02G153500",436,0,0.951189206542999,"","",0
"Pair_495","TraesCS4A02G153800","TraesCS4A02G153600",846,-0.01,0.918139459115448,"","",0
"Pair_496","TraesCS4A02G154600","TraesCS4A02G154500",381,0.12,0.000187069977597313,"","",0
"Pair_497","TraesCS4A02G154900","TraesCS4A02G154700",612,0.04,0.309754617760327,"","",0
"Pair_498","TraesCS4A02G161500","TraesCS4A02G161400",127,-0.01,0.897972493328459,"","",0
"Pair_499","TraesCS4A02G186300","TraesCS4A02G186200",497,0.68,0,"MS DH ","4v23 DH ",4
"Pair_5","TraesCS1A02G055000","TraesCS1A02G054900",270,0.11,0.000554169856696331,"4v23 ","",0
"Pair_50","TraesCS1B02G219600","TraesCS1B02G219500",653,-0.35,0,"","",0
"Pair_500","TraesCS4A02G208800","TraesCS4A02G208700",293,0.07,0.0316280197744929,"MS DH ","MS ",2
"Pair_501","TraesCS4A02G220400","TraesCS4A02G220300",212,0.02,0.646013401069766,"4v23 ","MS 4v23 DH ",3
"Pair_502","TraesCS4A02G222400","TraesCS4A02G222300",635,0.12,0.000178929524196498,"","",0
"Pair_503","TraesCS4A02G223400","TraesCS4A02G223300",347,0.28,0,"4v23 ","4v23 DH ",2
"Pair_504","TraesCS4A02G227600","TraesCS4A02G227500",828,0.41,0,"","4v23 DH ",0
"Pair_505","TraesCS4A02G235000","TraesCS4A02G234900",282,-0.02,0.548090396329902,"4v23 DH ","",0
"Pair_506","TraesCS4A02G241200","TraesCS4A02G241100",196,0.38,0,"","4v23 ",0
"Pair_507","TraesCS4A02G247100","TraesCS4A02G247000",480,0.05,0.131755780955818,"4v23 ","DH ",1
"Pair_508","TraesCS4A02G256000","TraesCS4A02G255900",186,0.61,0,"MS 4v23 ","4v23 ",2
"Pair_509","TraesCS4A02G261300","TraesCS4A02G261200",945,0,0.950397784025654,"","4v23 ",0
"Pair_51","TraesCS1B02G220100","TraesCS1B02G220000",370,0.42,0,"","4v23 ",0
"Pair_510","TraesCS4A02G271900","TraesCS4A02G271800",245,0.34,0,"4v23 DH ","DH ",2
"Pair_511","TraesCS4A02G278700","TraesCS4A02G278600",118,0.41,0,"4v23 ","",0
"Pair_512","TraesCS4A02G308900","TraesCS4A02G308800",516,0.83,0,"DH ","",0
"Pair_513","TraesCS4A02G311500","TraesCS4A02G311400",935,-0.03,0.522715717178584,"","4v23 ",0
"Pair_514","TraesCS4A02G318000","TraesCS4A02G317900",210,0.1,0.00182705487424409,"","10v14 4v23 ",0
"Pair_515","TraesCS4A02G320400","TraesCS4A02G320300",841,0.01,0.861315720185897,"","",0
"Pair_516","TraesCS4A02G322500","TraesCS4A02G322400",150,0.01,0.922246138102449,"MS 4v23 ","4v23 ",2
"Pair_517","TraesCS4A02G324500","TraesCS4A02G324400",411,0.71,0,"4v23 ","MS ",1
"Pair_518","TraesCS4A02G325600","TraesCS4A02G325500",150,0.08,0.0217618678928406,"4v23 ","",0
"Pair_519","TraesCS4A02G328300","TraesCS4A02G328200",123,0.7,0,"","",0
"Pair_52","TraesCS1B02G233200","TraesCS1B02G233100",182,0.03,0.530091182501567,"","4v23 DH ",0
"Pair_520","TraesCS4A02G331600","TraesCS4A02G331500",386,-0.03,0.375716431402111,"","",0
"Pair_521","TraesCS4A02G342200","TraesCS4A02G342100",182,0.14,9.15386444954525e-06,"4v23 ","",0
"Pair_522","TraesCS4A02G368400","TraesCS4A02G368300",612,0.34,0,"","",0
"Pair_523","TraesCS4A02G402200","TraesCS4A02G402100",318,0.27,0,"","",0
"Pair_524","TraesCS4A02G409100","TraesCS4A02G409000",504,0.07,0.0496130019807815,"4v23 DH GO ","",0
"Pair_525","TraesCS4A02G413400","TraesCS4A02G413300",480,0.24,3.10055011968044e-14,"DH ","4v23 DH ",2
"Pair_526","TraesCS4A02G421500","TraesCS4A02G421400",131,0.56,0,"10v14 ","4v23 ",1
"Pair_527","TraesCS4A02G425100","TraesCS4A02G425000",131,0.25,2.95441763453156e-15,"","",0
"Pair_528","TraesCS4A02G428600","TraesCS4A02G428500",169,0.5,0,"4v23 ","4v23 ",1
"Pair_529","TraesCS4A02G450100","TraesCS4A02G450000",693,-0.01,0.852708859631208,"","",0
"Pair_53","TraesCS1B02G239700","TraesCS1B02G239600",663,0,0.944551646023709,"","",0
"Pair_530","TraesCS4A02G460600","TraesCS4A02G460500",538,0.72,0,"","",0
"Pair_531","TraesCS4A02G486400","TraesCS4A02G486300",178,-0.19,8.58369854986058e-10,"4v23 ","4v23 ",1
"Pair_532","TraesCS4A02G495000","TraesCS4A02G494900",192,-0.01,0.892427687892818,"4v23 ","",0
"Pair_533","TraesCS4B02G005700","TraesCS4B02G005600",422,0.93,0,"","DH ",0
"Pair_534","TraesCS4B02G042200","TraesCS4B02G042100",809,0.46,0,"DH ","4v23 DH ",2
"Pair_535","TraesCS4B02G058900","TraesCS4B02G058800",202,0.49,0,"4v23 ","MS 4v23 ",2
"Pair_536","TraesCS4B02G067900","TraesCS4B02G067800",185,0.12,0.000165928571879006,"DH ","4v23 ",1
"Pair_537","TraesCS4B02G074000","TraesCS4B02G073900",617,0.39,0,"4v23 ","",0
"Pair_538","TraesCS4B02G080100","TraesCS4B02G080000",301,-0.02,0.726343718933469,"","4v23 DH ",0
"Pair_539","TraesCS4B02G088500","TraesCS4B02G088400",827,0.23,1.39968728250379e-13,"","4v23 DH ",0
"Pair_54","TraesCS1B02G244200","TraesCS1B02G244100",225,0.35,0,"MS 4v23 ","4v23 ",2
"Pair_540","TraesCS4B02G094300","TraesCS4B02G094100",716,0.13,9.23571584540717e-05,"","",0
"Pair_541","TraesCS4B02G097800","TraesCS4B02G097700",852,-0.01,0.860151510858694,"4v23 ","",0
"Pair_542","TraesCS4B02G099100","TraesCS4B02G098900",227,0.17,1.71585047186569e-07,"4v23 ","MS 4v23 DH ",3
"Pair_543","TraesCS4B02G112400","TraesCS4B02G112300",237,0.16,8.02094557149919e-07,"MS DH ","MS ",2
"Pair_544","TraesCS4B02G129900","TraesCS4B02G129800",262,0.17,1.71842183045315e-07,"MS ","4v23 ",1
"Pair_545","TraesCS4B02G147300","TraesCS4B02G147200",364,0.11,0.000501471777254098,"","",0
"Pair_546","TraesCS4B02G147500","TraesCS4B02G147400",201,0,0.952799512099599,"","",0
"Pair_547","TraesCS4B02G154700","TraesCS4B02G154600",204,0.2,1.60149113526131e-10,"MS ","DH ",1
"Pair_548","TraesCS4B02G156300","TraesCS4B02G156200",142,0.74,0,"4v23 ","MS 4v23 ",2
"Pair_549","TraesCS4B02G159400","TraesCS4B02G159300",150,0,0.935008245097689,"","",0
"Pair_55","TraesCS1B02G247300","TraesCS1B02G247200",704,0.28,0,"","",0
"Pair_550","TraesCS4B02G188000","TraesCS4B02G187900",131,0.81,0,"4v23 ","",0
"Pair_551","TraesCS4B02G191000","TraesCS4B02G190900",186,0.47,0,"4v23 ","4v23 DH ",2
"Pair_552","TraesCS4B02G198900","TraesCS4B02G198800",168,0.12,0.000129710775377372,"MS ","4v23 DH ",2
"Pair_553","TraesCS4B02G204900","TraesCS4B02G204800",276,0.18,1.1130275126107e-08,"MS 4v23 DH ","DH ",3
"Pair_554","TraesCS4B02G205600","TraesCS4B02G205500",304,0.96,0,"","",0
"Pair_555","TraesCS4B02G209000","TraesCS4B02G208900",196,-0.09,0.00437504560093628,"4v23 ","MS DH ",2
"Pair_556","TraesCS4B02G216600","TraesCS4B02G216500",836,0.03,0.441075687573787,"MS 4v23 ","",0
"Pair_557","TraesCS4B02G219600","TraesCS4B02G219500",280,0.28,0,"","4v23 ",0
"Pair_558","TraesCS4B02G238300","TraesCS4B02G238200",962,0.13,9.83230877283725e-05,"","",0
"Pair_559","TraesCS4B02G259300","TraesCS4B02G259200",173,0.38,0,"DH ","4v23 ",1
"Pair_56","TraesCS1B02G261600","TraesCS1B02G261500",130,0.39,0,"MS DH ","DH ",2
"Pair_560","TraesCS4B02G259900","TraesCS4B02G259800",195,0.27,0,"","4v23 ",0
"Pair_561","TraesCS4B02G260100","TraesCS4B02G260000",108,0.48,0,"4v23 DH ","4v23 ",2
"Pair_562","TraesCS4B02G261500","TraesCS4B02G261400",112,0.48,0,"","10v14 4v23 ",0
"Pair_563","TraesCS4B02G264400","TraesCS4B02G264300",189,0.52,0,"MS ","4v23 ",1
"Pair_564","TraesCS4B02G297400","TraesCS4B02G297300",287,0.05,0.169322790593605,"4v23 ","",0
"Pair_565","TraesCS4B02G301500","TraesCS4B02G301400",157,-0.12,0.000179198130549329,"DH ","DH ",1
"Pair_566","TraesCS4B02G307800","TraesCS4B02G307700",360,0.18,2.69103841421522e-08,"","4v23 DH GO ",0
"Pair_567","TraesCS4B02G314100","TraesCS4B02G314000",294,0.19,1.09439550547685e-09,"DH ","4v23 DH ",2
"Pair_568","TraesCS4B02G317600","TraesCS4B02G317500",174,0.31,0,"","",0
"Pair_569","TraesCS4B02G322600","TraesCS4B02G322500",146,0.5,0,"4v23 ","4v23 ",1
"Pair_57","TraesCS1B02G262900","TraesCS1B02G262800",213,0.31,0,"","",0
"Pair_570","TraesCS4B02G334400","TraesCS4B02G334300",505,0.77,0,"","",0
"Pair_571","TraesCS4B02G344600","TraesCS4B02G344500",456,-0.02,0.643335281035169,"4v23 ","",0
"Pair_572","TraesCS4B02G356500","TraesCS4B02G356400",139,0.43,0,"4v23 ","",0
"Pair_573","TraesCS4B02G386100","TraesCS4B02G386000",506,0.39,0,"4v23 ","MS 4v23 ",2
"Pair_574","TraesCS4D02G000800","TraesCS4D02G000700",311,0.45,0,"","4v23 ",0
"Pair_575","TraesCS4D02G005500","TraesCS4D02G005400",484,0.91,0,"","DH ",0
"Pair_576","TraesCS4D02G022100","TraesCS4D02G022000",131,0.15,1.49294547398916e-06,"","",0
"Pair_577","TraesCS4D02G032500","TraesCS4D02G032400",417,-0.01,0.868798136069697,"","",0
"Pair_578","TraesCS4D02G039400","TraesCS4D02G039300",171,0.28,0,"DH ","4v23 DH ",2
"Pair_579","TraesCS4D02G043300","TraesCS4D02G043200",103,0,0.940671719136088,"","",0
"Pair_58","TraesCS1B02G274900","TraesCS1B02G274800",113,0.32,0,"","4v23 ",0
"Pair_580","TraesCS4D02G044000","TraesCS4D02G043700",436,0.2,3.10633224118954e-10,"","",0
"Pair_581","TraesCS4D02G044100","TraesCS4D02G043800",228,0.01,0.866761045652646,"","",0
"Pair_582","TraesCS4D02G058800","TraesCS4D02G058700",190,0.63,0,"4v23 ","MS 4v23 ",2
"Pair_583","TraesCS4D02G060800","TraesCS4D02G060700",328,0.02,0.537106483814614,"4v23 ","",0
"Pair_584","TraesCS4D02G067700","TraesCS4D02G067600",231,0.65,0,"MS 4v23 DH ","4v23 DH ",6
"Pair_585","TraesCS4D02G072500","TraesCS4D02G072400",136,0.49,0,"4v23 ","",0
"Pair_586","TraesCS4D02G079000","TraesCS4D02G078900",308,-0.05,0.171434830853113,"","4v23 DH ",0
"Pair_587","TraesCS4D02G085900","TraesCS4D02G085800",878,0.25,1.49053701712081e-15,"4v23 DH ","",0
"Pair_588","TraesCS4D02G089900","TraesCS4D02G089800",316,0.47,0,"4v23 ","4v23 DH ",2
"Pair_589","TraesCS4D02G091100","TraesCS4D02G090900",654,0.12,0.000189355996095608,"","",0
"Pair_59","TraesCS1B02G297600","TraesCS1B02G297500",222,0.08,0.0115666629280091,"","",0
"Pair_590","TraesCS4D02G095100","TraesCS4D02G095000",180,0.26,0,"4v23 ","MS 4v23 DH ",3
"Pair_591","TraesCS4D02G103200","TraesCS4D02G103100",467,-0.04,0.207382804530762,"4v23 ","",0
"Pair_592","TraesCS4D02G109900","TraesCS4D02G109800",311,0.06,0.111619049634741,"MS DH ","MS ",2
"Pair_593","TraesCS4D02G137700","TraesCS4D02G137600",200,0,0.944551646023709,"","",0
"Pair_594","TraesCS4D02G138200","TraesCS4D02G138100",130,-0.01,0.860148375611199,"","",0
"Pair_595","TraesCS4D02G139500","TraesCS4D02G139400",364,-0.01,0.868321204938955,"","",0
"Pair_596","TraesCS4D02G162900","TraesCS4D02G162800",200,0.52,0,"MS 4v23 ","4v23 ",2
"Pair_597","TraesCS4D02G167700","TraesCS4D02G167600",779,0.15,2.59858755129823e-06,"DH ","MS ",1
"Pair_598","TraesCS4D02G192200","TraesCS4D02G192100",222,0.31,0,"4v23 ","4v23 DH ",2
"Pair_599","TraesCS4D02G199400","TraesCS4D02G199300",111,0.5,0,"4v23 DH ","10v14 4v23 DH ",6
"Pair_6","TraesCS1A02G063600","TraesCS1A02G063500",157,-0.02,0.718904827989902,"MS ","4v23 ",1
"Pair_60","TraesCS1B02G301400","TraesCS1B02G301300",431,-0.03,0.375667336894665,"4v23 DH ","",0
"Pair_600","TraesCS4D02G199800","TraesCS4D02G199700",254,0.26,0,"MS ","4v23 DH ",2
"Pair_601","TraesCS4D02G205800","TraesCS4D02G205700",491,0.16,4.49160036171311e-07,"MS 4v23 DH ","DH ",3
"Pair_602","TraesCS4D02G206500","TraesCS4D02G206400",298,0.93,0,"","",0
"Pair_603","TraesCS4D02G209700","TraesCS4D02G209600",389,-0.1,0.00220033008544065,"MS DH ","4v23 ",2
"Pair_604","TraesCS4D02G212900","TraesCS4D02G212800",656,0.19,1.00627475183637e-09,"","",0
"Pair_605","TraesCS4D02G220000","TraesCS4D02G219900",103,0.26,0,"","4v23 ",0
"Pair_606","TraesCS4D02G258700","TraesCS4D02G258600",196,0.4,0,"4v23 ","",0
"Pair_607","TraesCS4D02G264400","TraesCS4D02G264300",157,0.63,0,"MS ","4v23 ",1
"Pair_608","TraesCS4D02G273100","TraesCS4D02G273000",478,-0.02,0.555278559559393,"","",0
"Pair_609","TraesCS4D02G296300","TraesCS4D02G296200",272,0.1,0.00146807476929599,"4v23 ","",0
"Pair_61","TraesCS1B02G308800","TraesCS1B02G308700",110,0.28,0,"","",0
"Pair_610","TraesCS4D02G299800","TraesCS4D02G299700",166,-0.05,0.142656536344175,"DH ","DH ",1
"Pair_611","TraesCS4D02G314200","TraesCS4D02G314100",560,0.44,0,"","",0
"Pair_612","TraesCS4D02G334000","TraesCS4D02G333900",616,0.01,0.786831275941086,"","4v23 ",0
"Pair_613","TraesCS4D02G338400","TraesCS4D02G338300",612,0.24,6.4351624804087e-14,"","MS ",0
"Pair_614","TraesCS4D02G339700","TraesCS4D02G339600",115,-0.04,0.262668301345837,"4v23 ","",0
"Pair_615","TraesCS4D02G350200","TraesCS4D02G350100",171,0.37,0,"4v23 ","",0
"Pair_616","TraesCS5A02G001400","TraesCS5A02G001300",783,-0.03,0.437226375298618,"","",0
"Pair_617","TraesCS5A02G024200","TraesCS5A02G024100",581,-0.06,0.0585745458317783,"","MS 4v23 ",0
"Pair_618","TraesCS5A02G025800","TraesCS5A02G025700",180,0.97,0,"","",0
"Pair_619","TraesCS5A02G058900","TraesCS5A02G058800",450,0.92,0,"","",0
"Pair_62","TraesCS1B02G311200","TraesCS1B02G311100",473,-0.14,1.51045997847592e-05,"10v14 4v23 ","",0
"Pair_620","TraesCS5A02G059600","TraesCS5A02G059500",180,0.25,9.96688905364846e-16,"4v23 DH ","4v23 ",2
"Pair_621","TraesCS5A02G082000","TraesCS5A02G081900",623,-0.19,3.66151318788509e-09,"","4v23 ",0
"Pair_622","TraesCS5A02G089000","TraesCS5A02G088900",250,0.29,0,"4v23 ","MS 4v23 ",2
"Pair_623","TraesCS5A02G089700","TraesCS5A02G089600",734,-0.01,0.910774616478124,"","",0
"Pair_624","TraesCS5A02G105800","TraesCS5A02G105700",255,0.4,0,"","",0
"Pair_625","TraesCS5A02G113600","TraesCS5A02G113500",187,-0.02,0.689819258120222,"","",0
"Pair_626","TraesCS5A02G116900","TraesCS5A02G116800",364,0.06,0.0627924794194071,"","",0
"Pair_627","TraesCS5A02G119400","TraesCS5A02G119300",164,0.27,0,"","4v23 ",0
"Pair_628","TraesCS5A02G123800","TraesCS5A02G123700",117,0.1,0.00203088101814301,"MS ","MS ",1
"Pair_629","TraesCS5A02G140800","TraesCS5A02G140700",150,0.37,0,"4v23 DH ","DH ",2
"Pair_63","TraesCS1B02G314900","TraesCS1B02G314800",203,0.19,1.9907197330171e-09,"4v23 ","MS ",1
"Pair_630","TraesCS5A02G145900","TraesCS5A02G145800",255,-0.06,0.0932146724138853,"4v23 ","4v23 DH ",2
"Pair_631","TraesCS5A02G158000","TraesCS5A02G157900",105,0.07,0.0394708091770387,"4v23 ","4v23 ",1
"Pair_632","TraesCS5A02G174400","TraesCS5A02G174300",202,0.6,0,"","4v23 DH ",0
"Pair_633","TraesCS5A02G192500","TraesCS5A02G192400",213,0.36,0,"","MS ",0
"Pair_634","TraesCS5A02G210700","TraesCS5A02G210600",182,0.91,0,"","",0
"Pair_635","TraesCS5A02G224200","TraesCS5A02G224100",160,0.28,0,"MS ","MS 4v23 ",2
"Pair_636","TraesCS5A02G226300","TraesCS5A02G226200",104,0.2,1.06804901396784e-10,"","",0
"Pair_637","TraesCS5A02G228200","TraesCS5A02G228100",121,-0.08,0.0132934960584273,"DH ","4v23 DH ",2
"Pair_638","TraesCS5A02G235500","TraesCS5A02G235400",221,0.09,0.00861472292851569,"","MS ",0
"Pair_639","TraesCS5A02G236100","TraesCS5A02G236000",394,0.26,0,"10v14 4v23 ","4v23 DH ",4
"Pair_64","TraesCS1B02G318200","TraesCS1B02G318100",190,0.57,0,"4v23 ","",0
"Pair_640","TraesCS5A02G267400","TraesCS5A02G267300",826,-0.01,0.803766937246093,"","",0
"Pair_641","TraesCS5A02G271800","TraesCS5A02G271700",958,0.2,1.38339649895941e-10,"","MS 4v23 DH ",0
"Pair_642","TraesCS5A02G281200","TraesCS5A02G281100",155,0.37,0,"","4v23 ",0
"Pair_643","TraesCS5A02G282400","TraesCS5A02G282300",200,0.23,1.5570686502605e-13,"MS 4v23 ","4v23 ",2
"Pair_644","TraesCS5A02G315400","TraesCS5A02G315300",939,-0.01,0.908679709413312,"","",0
"Pair_645","TraesCS5A02G327000","TraesCS5A02G326900",784,0.07,0.0334452594376618,"","",0
"Pair_646","TraesCS5A02G329100","TraesCS5A02G329000",805,0.78,0,"","",0
"Pair_647","TraesCS5A02G331900","TraesCS5A02G331800",173,0.64,0,"4v23 ","4v23 ",1
"Pair_648","TraesCS5A02G338300","TraesCS5A02G338200",473,0.31,0,"","",0
"Pair_649","TraesCS5A02G342300","TraesCS5A02G342200",908,0.64,0,"","",0
"Pair_65","TraesCS1B02G334700","TraesCS1B02G334600",131,0.38,0,"","",0
"Pair_650","TraesCS5A02G344800","TraesCS5A02G344700",639,0.71,0,"","",0
"Pair_651","TraesCS5A02G345100","TraesCS5A02G345000",548,0.79,0,"","",0
"Pair_652","TraesCS5A02G347000","TraesCS5A02G346900",348,0.13,9.53128532940501e-05,"","",0
"Pair_653","TraesCS5A02G357000","TraesCS5A02G356900",981,0.12,0.000268546736499168,"DH ","MS ",1
"Pair_654","TraesCS5A02G361200","TraesCS5A02G361100",803,0.45,0,"","4v23 DH ",0
"Pair_655","TraesCS5A02G367600","TraesCS5A02G367500",672,0.1,0.00357409119312717,"","",0
"Pair_656","TraesCS5A02G372800","TraesCS5A02G372700",270,0.01,0.79872200191553,"","MS 4v23 ",0
"Pair_657","TraesCS5A02G389300","TraesCS5A02G389200",165,0.53,0,"4v23 ","4v23 DH ",2
"Pair_658","TraesCS5A02G390900","TraesCS5A02G390800",749,0.2,1.04096785100172e-10,"DH ","",0
"Pair_659","TraesCS5A02G400900","TraesCS5A02G400800",160,0.6,0,"4v23 ","",0
"Pair_66","TraesCS1B02G345600","TraesCS1B02G345500",973,-0.01,0.814267019701547,"","4v23 ",0
"Pair_660","TraesCS5A02G410100","TraesCS5A02G410000",331,0.73,0,"","",0
"Pair_661","TraesCS5A02G417700","TraesCS5A02G417600",200,-0.02,0.72752593169356,"","4v23 ",0
"Pair_662","TraesCS5A02G421300","TraesCS5A02G421100",123,-0.01,0.827036169906987,"","",0
"Pair_663","TraesCS5A02G421400","TraesCS5A02G421200",229,0,0.951441314162416,"","",0
"Pair_664","TraesCS5A02G422400","TraesCS5A02G422300",209,0.52,0,"4v23 DH ","DH ",2
"Pair_665","TraesCS5A02G423800","TraesCS5A02G423700",208,0.69,0,"4v23 ","4v23 ",1
"Pair_666","TraesCS5A02G426700","TraesCS5A02G426600",391,0.27,0,"MS 4v23 DH ","4v23 ",3
"Pair_667","TraesCS5A02G433500","TraesCS5A02G433400",440,0.77,0,"","",0
"Pair_668","TraesCS5A02G436600","TraesCS5A02G436500",299,0,0.93242955497598,"","",0
"Pair_669","TraesCS5A02G436800","TraesCS5A02G436700",847,0,0.957278302332026,"","",0
"Pair_67","TraesCS1B02G362500","TraesCS1B02G362400",211,0.18,6.49902722259438e-09,"","",0
"Pair_670","TraesCS5A02G437900","TraesCS5A02G437800",836,0.23,5.21613957700654e-13,"4v23 ","4v23 ",1
"Pair_671","TraesCS5A02G439400","TraesCS5A02G439300",414,0.44,0,"MS 4v23 ","4v23 DH ",4
"Pair_672","TraesCS5A02G442300","TraesCS5A02G442200",166,0.54,0,"4v23 ","4v23 ",1
"Pair_673","TraesCS5A02G443000","TraesCS5A02G442900",116,0.31,0,"DH ","",0
"Pair_674","TraesCS5A02G452500","TraesCS5A02G452400",201,0.62,0,"","4v23 ",0
"Pair_675","TraesCS5A02G467100","TraesCS5A02G467000",202,0.58,0,"","MS 4v23 ",0
"Pair_676","TraesCS5A02G482600","TraesCS5A02G482500",273,-0.06,0.110065458227607,"4v23 ","",0
"Pair_677","TraesCS5A02G494700","TraesCS5A02G494600",188,0.71,0,"4v23 ","4v23 ",1
"Pair_678","TraesCS5A02G508900","TraesCS5A02G508800",264,0.1,0.00281993921478341,"","10v14 ",0
"Pair_679","TraesCS5A02G509900","TraesCS5A02G509800",654,-0.21,5.50455724362287e-11,"","",0
"Pair_68","TraesCS1B02G363900","TraesCS1B02G363800",239,-0.05,0.171272105935901,"10v14 4v23 ","MS 4v23 ",4
"Pair_680","TraesCS5A02G525900","TraesCS5A02G525800",267,0.01,0.826918040413096,"4v23 ","",0
"Pair_681","TraesCS5A02G546000","TraesCS5A02G545900",140,0.12,0.000307070532850247,"4v23 ","",0
"Pair_682","TraesCS5B02G002800","TraesCS5B02G002700",771,-0.02,0.552797362907703,"","",0
"Pair_683","TraesCS5B02G020700","TraesCS5B02G020600",894,-0.03,0.504003837798153,"","",0
"Pair_684","TraesCS5B02G021900","TraesCS5B02G021800",670,-0.04,0.261391737360547,"","",0
"Pair_685","TraesCS5B02G047900","TraesCS5B02G047800",354,0.89,0,"","",0
"Pair_686","TraesCS5B02G052800","TraesCS5B02G052700",663,NA,NA,"","",0
"Pair_687","TraesCS5B02G060700","TraesCS5B02G060600",325,0.97,0,"","",0
"Pair_688","TraesCS5B02G066200","TraesCS5B02G066100",602,0.86,0,"","",0
"Pair_689","TraesCS5B02G066900","TraesCS5B02G066800",180,0.25,4.99097238864723e-16,"4v23 DH ","4v23 ",2
"Pair_69","TraesCS1B02G374000","TraesCS1B02G373900",116,0,0.941406424565591,"4v23 ","MS ",1
"Pair_690","TraesCS5B02G082700","TraesCS5B02G082600",559,0.52,0,"4v23 DH ","4v23 DH ",4
"Pair_691","TraesCS5B02G084500","TraesCS5B02G084400",676,-0.14,7.60486991169781e-06,"4v23 ","",0
"Pair_692","TraesCS5B02G095000","TraesCS5B02G094900",218,0.23,7.13477586190414e-14,"4v23 ","MS 4v23 ",2
"Pair_693","TraesCS5B02G107800","TraesCS5B02G107700",202,0.47,0,"","10v14 ",0
"Pair_694","TraesCS5B02G121300","TraesCS5B02G121200",188,0.19,1.1256834497357e-09,"4v23 ","",0
"Pair_695","TraesCS5B02G121800","TraesCS5B02G121700",716,0.27,0,"","4v23 ",0
"Pair_696","TraesCS5B02G123400","TraesCS5B02G123300",207,0.56,0,"MS ","MS ",1
"Pair_697","TraesCS5B02G139100","TraesCS5B02G139000",169,0.33,0,"4v23 DH ","DH ",2
"Pair_698","TraesCS5B02G144800","TraesCS5B02G144700",833,-0.02,0.709878437510202,"4v23 ","4v23 DH ",2
"Pair_699","TraesCS5B02G150500","TraesCS5B02G150400",312,-0.18,1.11791705028244e-08,"","4v23 DH ",0
"Pair_7","TraesCS1A02G076800","TraesCS1A02G076700",545,0.2,3.66357106055435e-10,"","",0
"Pair_70","TraesCS1B02G387000","TraesCS1B02G386900",237,0.27,0,"DH ","",0
"Pair_700","TraesCS5B02G171800","TraesCS5B02G171700",146,0.39,0,"","4v23 DH ",0
"Pair_701","TraesCS5B02G199700","TraesCS5B02G199600",373,0.95,0,"","",0
"Pair_702","TraesCS5B02G199900","TraesCS5B02G199800",530,0.93,0,"","",0
"Pair_703","TraesCS5B02G213800","TraesCS5B02G213700",159,0.77,0,"","",0
"Pair_704","TraesCS5B02G227000","TraesCS5B02G226900",134,-0.1,0.00313267984017357,"DH ","4v23 DH ",2
"Pair_705","TraesCS5B02G231000","TraesCS5B02G230900",574,0.24,1.70310501097137e-14,"","",0
"Pair_706","TraesCS5B02G233900","TraesCS5B02G233800",158,0.06,0.0593929949512689,"","MS ",0
"Pair_707","TraesCS5B02G234400","TraesCS5B02G234300",355,0.2,1.25029579530808e-10,"4v23 ","4v23 DH ",2
"Pair_708","TraesCS5B02G248200","TraesCS5B02G248100",134,0.38,0,"","MS ",0
"Pair_709","TraesCS5B02G264600","TraesCS5B02G264500",231,0.09,0.00548203875270605,"DH ","",0
"Pair_71","TraesCS1B02G404400","TraesCS1B02G404300",595,0.64,0,"","",0
"Pair_710","TraesCS5B02G297800","TraesCS5B02G297700",667,0.03,0.417120715654457,"","",0
"Pair_711","TraesCS5B02G319300","TraesCS5B02G319200",538,0.02,0.630775164582797,"","",0
"Pair_712","TraesCS5B02G330900","TraesCS5B02G330800",747,0.2,1.66811402684716e-10,"","",0
"Pair_713","TraesCS5B02G332200","TraesCS5B02G332100",181,0.74,0,"4v23 ","4v23 ",1
"Pair_714","TraesCS5B02G341700","TraesCS5B02G341600",823,0.07,0.0442611850331737,"","",0
"Pair_715","TraesCS5B02G345900","TraesCS5B02G345800",421,0.35,0,"","",0
"Pair_716","TraesCS5B02G382900","TraesCS5B02G382800",268,0.12,0.000381928944871849,"","",0
"Pair_717","TraesCS5B02G387600","TraesCS5B02G387500",708,0.61,0,"4v23 ","4v23 DH ",2
"Pair_718","TraesCS5B02G392000","TraesCS5B02G391900",398,0.44,0,"","",0
"Pair_719","TraesCS5B02G392400","TraesCS5B02G392300",287,0.07,0.0498915847072257,"4v23 ","",0
"Pair_72","TraesCS1B02G404900","TraesCS1B02G404800",661,0.05,0.178815040377913,"","",0
"Pair_720","TraesCS5B02G394500","TraesCS5B02G394400",261,0.36,0,"4v23 ","4v23 DH ",2
"Pair_721","TraesCS5B02G395700","TraesCS5B02G395600",774,0.22,8.55847251067987e-12,"DH ","",0
"Pair_722","TraesCS5B02G405700","TraesCS5B02G405600",237,0.59,0,"10v14 4v23 ","",0
"Pair_723","TraesCS5B02G414500","TraesCS5B02G414400",109,0.93,0,"4v23 ","",0
"Pair_724","TraesCS5B02G422300","TraesCS5B02G422200",278,0.09,0.00576569309723966,"","",0
"Pair_725","TraesCS5B02G424400","TraesCS5B02G424300",448,0.52,0,"4v23 DH ","DH ",2
"Pair_726","TraesCS5B02G425300","TraesCS5B02G425200",266,0.2,1.15134568545727e-10,"4v23 ","4v23 ",1
"Pair_727","TraesCS5B02G426100","TraesCS5B02G426000",165,0.71,0,"4v23 ","4v23 ",1
"Pair_728","TraesCS5B02G428600","TraesCS5B02G428500",297,0.18,9.08195522826687e-09,"MS 4v23 DH ","4v23 ",3
"Pair_729","TraesCS5B02G436700","TraesCS5B02G436600",416,0.84,0,"","",0
"Pair_73","TraesCS1B02G417000","TraesCS1B02G416900",504,-0.03,0.412825455811671,"4v23 ","",0
"Pair_730","TraesCS5B02G440700","TraesCS5B02G440600",214,0.23,1.02802474685407e-13,"4v23 ","4v23 ",1
"Pair_731","TraesCS5B02G442400","TraesCS5B02G442300",173,0.51,0,"MS 4v23 ","4v23 DH ",4
"Pair_732","TraesCS5B02G446400","TraesCS5B02G446300",212,0.49,0,"4v23 ","4v23 ",1
"Pair_733","TraesCS5B02G447600","TraesCS5B02G447400",152,0.3,0,"DH ","",0
"Pair_734","TraesCS5B02G453600","TraesCS5B02G453500",817,0.08,0.0158320279921673,"","",0
"Pair_735","TraesCS5B02G461400","TraesCS5B02G461300",371,0.53,0,"","4v23 ",0
"Pair_736","TraesCS5B02G478900","TraesCS5B02G478800",263,0.24,4.72692444796902e-14,"","MS 4v23 ",0
"Pair_737","TraesCS5B02G495700","TraesCS5B02G495600",250,0.05,0.186594971189961,"4v23 ","",0
"Pair_738","TraesCS5B02G528300","TraesCS5B02G528200",872,0.95,0,"4v23 ","",0
"Pair_739","TraesCS5B02G532300","TraesCS5B02G532200",182,-0.13,0.000102318107399372,"4v23 ","",0
"Pair_74","TraesCS1B02G417200","TraesCS1B02G417100",180,0.67,0,"","4v23 ",0
"Pair_740","TraesCS5B02G538500","TraesCS5B02G538400",395,-0.03,0.5164137161594,"4v23 ","",0
"Pair_741","TraesCS5B02G546800","TraesCS5B02G546700",610,-0.01,0.88831192592404,"","",0
"Pair_742","TraesCS5B02G552800","TraesCS5B02G552700",596,0,0.999041376315581,"","",0
"Pair_743","TraesCS5B02G556000","TraesCS5B02G555900",152,0.09,0.00733510920304916,"4v23 ","MS 4v23 ",2
"Pair_744","TraesCS5D02G001800","TraesCS5D02G001700",701,-0.05,0.197357553275043,"","",0
"Pair_745","TraesCS5D02G008600","TraesCS5D02G008400",433,-0.02,0.738444462984631,"","",0
"Pair_746","TraesCS5D02G008700","TraesCS5D02G008500",847,-0.01,0.878731720066892,"","",0
"Pair_747","TraesCS5D02G009300","TraesCS5D02G009200",103,-0.01,0.835944077573706,"","",0
"Pair_748","TraesCS5D02G011300","TraesCS5D02G011200",671,NA,NA,"","",0
"Pair_749","TraesCS5D02G030100","TraesCS5D02G030000",501,-0.05,0.204347912144817,"","MS 4v23 ",0
"Pair_75","TraesCS1B02G425400","TraesCS1B02G425300",123,0.07,0.0303664754415734,"","4v23 DH ",0
"Pair_750","TraesCS5D02G033600","TraesCS5D02G033500",452,0.83,0,"","",0
"Pair_751","TraesCS5D02G063400","TraesCS5D02G063300",265,0,0.967811373933733,"","",0
"Pair_752","TraesCS5D02G070600","TraesCS5D02G070500",202,0.95,0,"","",0
"Pair_753","TraesCS5D02G071100","TraesCS5D02G071000",190,0.23,1.26821112534151e-13,"4v23 DH ","4v23 ",2
"Pair_754","TraesCS5D02G080300","TraesCS5D02G080200",137,0.73,0,"","",0
"Pair_755","TraesCS5D02G090100","TraesCS5D02G090000",384,0.48,0,"4v23 DH ","4v23 DH ",4
"Pair_756","TraesCS5D02G099900","TraesCS5D02G099800",105,0.1,0.00180838247193455,"4v23 DH ","4v23 ",2
"Pair_757","TraesCS5D02G109000","TraesCS5D02G108900",965,-0.03,0.400633478786464,"DH ","",0
"Pair_758","TraesCS5D02G110700","TraesCS5D02G110600",610,0.32,0,"","",0
"Pair_759","TraesCS5D02G111200","TraesCS5D02G111100",800,-0.04,0.310513812258657,"4v23 DH ","",0
"Pair_76","TraesCS1B02G426400","TraesCS1B02G426300",172,0.52,0,"","",0
"Pair_760","TraesCS5D02G115400","TraesCS5D02G115300",320,0,0.999156620900187,"","",0
"Pair_761","TraesCS5D02G126600","TraesCS5D02G126500",166,-0.04,0.210612020325024,"4v23 ","",0
"Pair_762","TraesCS5D02G151800","TraesCS5D02G151700",150,0.32,0,"DH ","4v23 DH ",2
"Pair_763","TraesCS5D02G157100","TraesCS5D02G157000",108,-0.16,1.04120819273897e-06,"","4v23 DH ",0
"Pair_764","TraesCS5D02G163400","TraesCS5D02G163300",571,-0.02,0.643335281035169,"4v23 ","4v23 ",1
"Pair_765","TraesCS5D02G179000","TraesCS5D02G178900",148,0.51,0,"","4v23 DH ",0
"Pair_766","TraesCS5D02G187600","TraesCS5D02G187400",731,-0.01,0.898924021833389,"","",0
"Pair_767","TraesCS5D02G193900","TraesCS5D02G193800",393,0.48,0,"","4v23 ",0
"Pair_768","TraesCS5D02G196800","TraesCS5D02G196700",660,-0.01,0.882520878392017,"","",0
"Pair_769","TraesCS5D02G198600","TraesCS5D02G198500",285,0.42,0,"MS ","",0
"Pair_77","TraesCS1B02G434500","TraesCS1B02G434400",152,-0.01,0.862417208621268,"MS ","4v23 ",1
"Pair_770","TraesCS5D02G206900","TraesCS5D02G206800",188,0.96,0,"","",0
"Pair_771","TraesCS5D02G207100","TraesCS5D02G207000",367,0.92,0,"","",0
"Pair_772","TraesCS5D02G207300","TraesCS5D02G207200",282,0.99,0,"","",0
"Pair_773","TraesCS5D02G207900","TraesCS5D02G207800",539,0.02,0.750160228120437,"","MS 4v23 DH ",0
"Pair_774","TraesCS5D02G218000","TraesCS5D02G217800",104,0.45,0,"4v23 ","MS ",1
"Pair_775","TraesCS5D02G220300","TraesCS5D02G220200",670,0.07,0.0254006566800342,"","",0
"Pair_776","TraesCS5D02G223000","TraesCS5D02G222900",110,0.58,0,"","",0
"Pair_777","TraesCS5D02G231600","TraesCS5D02G231500",167,0.37,0,"MS ","MS 4v23 ",2
"Pair_778","TraesCS5D02G242600","TraesCS5D02G242500",204,0.18,3.41203824527625e-08,"","MS ",0
"Pair_779","TraesCS5D02G249400","TraesCS5D02G249300",891,-0.06,0.0594285478362593,"","",0
"Pair_78","TraesCS1B02G436700","TraesCS1B02G436600",437,0.22,2.13234472096342e-12,"","",0
"Pair_780","TraesCS5D02G272600","TraesCS5D02G272400",974,0.11,0.000597758779324,"4v23 ","",0
"Pair_781","TraesCS5D02G273000","TraesCS5D02G272900",149,0.13,3.3428885167463e-05,"DH ","",0
"Pair_782","TraesCS5D02G288100","TraesCS5D02G288000",809,0.26,0,"","4v23 ",0
"Pair_783","TraesCS5D02G289500","TraesCS5D02G289400",148,0.32,0,"MS 4v23 ","4v23 ",2
"Pair_784","TraesCS5D02G294900","TraesCS5D02G294800",839,0.21,2.87527112315894e-11,"","",0
"Pair_785","TraesCS5D02G307300","TraesCS5D02G307200",150,0.36,0,"DH ","MS 4v23 ",2
"Pair_786","TraesCS5D02G337800","TraesCS5D02G337700",191,0.73,0,"4v23 ","4v23 ",1
"Pair_787","TraesCS5D02G345500","TraesCS5D02G345400",123,0,0.952799512099599,"","",0
"Pair_788","TraesCS5D02G347300","TraesCS5D02G347200",581,0.38,0,"","",0
"Pair_789","TraesCS5D02G351700","TraesCS5D02G351600",698,0.72,0,"","",0
"Pair_79","TraesCS1B02G439700","TraesCS1B02G439600",627,-0.24,3.38626150058437e-14,"","DH ",0
"Pair_790","TraesCS5D02G390000","TraesCS5D02G389900",620,-0.03,0.440161495504088,"","",0
"Pair_791","TraesCS5D02G392500","TraesCS5D02G392400",452,0.72,0,"4v23 ","4v23 DH ",2
"Pair_792","TraesCS5D02G394200","TraesCS5D02G394100",192,0.31,0,"","MS 4v23 DH ",0
"Pair_793","TraesCS5D02G396900","TraesCS5D02G396800",585,0.19,1.85801880273501e-09,"","",0
"Pair_794","TraesCS5D02G397200","TraesCS5D02G397100",287,0.12,0.000271294405282749,"4v23 ","",0
"Pair_795","TraesCS5D02G399300","TraesCS5D02G399200",570,0.48,0,"4v23 ","4v23 DH ",2
"Pair_796","TraesCS5D02G418800","TraesCS5D02G418700",158,0.7,0,"4v23 ","",0
"Pair_797","TraesCS5D02G425700","TraesCS5D02G425600",227,0.07,0.0534733001058321,"","4v23 ",0
"Pair_798","TraesCS5D02G429200","TraesCS5D02G429100",130,0.68,0,"","4v23 ",0
"Pair_799","TraesCS5D02G430600","TraesCS5D02G430500",194,0.52,0,"4v23 DH ","DH ",2
"Pair_8","TraesCS1A02G086900","TraesCS1A02G086800",225,0.39,0,"4v23 ","4v23 ",1
"Pair_80","TraesCS1B02G453500","TraesCS1B02G453400",993,0.03,0.408523593381191,"","",0
"Pair_800","TraesCS5D02G431900","TraesCS5D02G431800",163,0.13,7.72855049195876e-05,"","4v23 ",0
"Pair_801","TraesCS5D02G432300","TraesCS5D02G432200",203,0.68,0,"4v23 ","4v23 ",1
"Pair_802","TraesCS5D02G434700","TraesCS5D02G434600",283,0.36,0,"MS 4v23 DH ","4v23 ",3
"Pair_803","TraesCS5D02G441700","TraesCS5D02G441600",493,0.8,0,"","",0
"Pair_804","TraesCS5D02G445100","TraesCS5D02G445000",489,0.19,3.5600218422406e-09,"4v23 ","4v23 ",1
"Pair_805","TraesCS5D02G446600","TraesCS5D02G446500",200,0.4,0,"MS 4v23 ","4v23 DH ",4
"Pair_806","TraesCS5D02G452900","TraesCS5D02G452800",319,0.9,0,"","4v23 ",0
"Pair_807","TraesCS5D02G458000","TraesCS5D02G457800",847,0.05,0.14958917518544,"","",0
"Pair_808","TraesCS5D02G459200","TraesCS5D02G459100",663,0.01,0.756412288227634,"","",0
"Pair_809","TraesCS5D02G471300","TraesCS5D02G471200",262,0.16,6.09334473014385e-07,"4v23 DH ","MS 4v23 ",4
"Pair_81","TraesCS1B02G458600","TraesCS1B02G458500",964,-0.01,0.91571903171319,"","",0
"Pair_810","TraesCS5D02G480000","TraesCS5D02G479900",195,0.44,0,"","MS 4v23 ",0
"Pair_811","TraesCS5D02G501300","TraesCS5D02G501200",182,0.07,0.0449232139550986,"4v23 DH ","MS 4v23 ",4
"Pair_812","TraesCS5D02G524000","TraesCS5D02G523900",980,0.66,0,"","",0
"Pair_813","TraesCS5D02G531000","TraesCS5D02G530900",163,0.16,5.37326960085547e-07,"","4v23 ",0
"Pair_814","TraesCS5D02G541400","TraesCS5D02G541300",743,-0.08,0.0106919887061003,"","",0
"Pair_815","TraesCS5D02G553600","TraesCS5D02G553500",194,0.05,0.147533419938084,"MS 4v23 ","4v23 ",2
"Pair_816","TraesCS5D02G555100","TraesCS5D02G555000",143,0.57,0,"4v23 ","MS ",1
"Pair_817","TraesCS5D02G559700","TraesCS5D02G559600",103,-0.02,0.680956531115823,"","",0
"Pair_818","TraesCS6A02G037900","TraesCS6A02G037800",782,0.3,0,"4v23 GO ","MS DH ",4
"Pair_819","TraesCS6A02G069400","TraesCS6A02G069200",120,0.54,0,"4v23 ","MS ",1
"Pair_82","TraesCS1B02G478200","TraesCS1B02G478100",138,0.56,0,"","",0
"Pair_820","TraesCS6A02G074200","TraesCS6A02G074100",101,0.16,4.37611705839356e-07,"4v23 ","",0
"Pair_821","TraesCS6A02G088000","TraesCS6A02G087900",789,0.4,0,"","",0
"Pair_822","TraesCS6A02G101700","TraesCS6A02G101600",153,0.4,0,"MS 4v23 ","4v23 DH ",4
"Pair_823","TraesCS6A02G126800","TraesCS6A02G126700",254,0.61,0,"","",0
"Pair_824","TraesCS6A02G136000","TraesCS6A02G135900",934,-0.01,0.866761045652646,"","",0
"Pair_825","TraesCS6A02G151200","TraesCS6A02G151100",270,0.66,0,"4v23 ","4v23 DH ",2
"Pair_826","TraesCS6A02G167300","TraesCS6A02G167200",792,-0.08,0.0142724113448804,"4v23 DH ","MS 4v23 ",4
"Pair_827","TraesCS6A02G168000","TraesCS6A02G167900",475,0.47,0,"","MS 4v23 DH ",0
"Pair_828","TraesCS6A02G180100","TraesCS6A02G180000",638,-0.01,0.91571903171319,"","",0
"Pair_829","TraesCS6A02G180800","TraesCS6A02G180700",228,-0.03,0.470207578738938,"MS 4v23 DH ","MS ",3
"Pair_83","TraesCS1B02G479700","TraesCS1B02G479600",993,0.32,0,"","",0
"Pair_830","TraesCS6A02G190900","TraesCS6A02G190800",141,0.12,0.000334647881903741,"4v23 DH ","",0
"Pair_831","TraesCS6A02G192000","TraesCS6A02G191800",847,-0.01,0.907125709610277,"","",0
"Pair_832","TraesCS6A02G192100","TraesCS6A02G191900",382,0.32,0,"","",0
"Pair_833","TraesCS6A02G217500","TraesCS6A02G217400",451,0.24,8.30893539376271e-15,"","DH ",0
"Pair_834","TraesCS6A02G219200","TraesCS6A02G219100",113,0.67,0,"4v23 DH ","MS 4v23 ",4
"Pair_835","TraesCS6A02G221300","TraesCS6A02G221200",183,0.55,0,"DH ","",0
"Pair_836","TraesCS6A02G228100","TraesCS6A02G228000",177,0.7,0,"4v23 DH ","",0
"Pair_837","TraesCS6A02G233500","TraesCS6A02G233400",389,0.2,3.01107569213407e-10,"","",0
"Pair_838","TraesCS6A02G238600","TraesCS6A02G238500",178,-0.05,0.180034641938287,"","MS ",0
"Pair_839","TraesCS6A02G258300","TraesCS6A02G258200",478,0.03,0.517771056687791,"4v23 DH ","",0
"Pair_84","TraesCS1D02G008300","TraesCS1D02G008200",671,NA,NA,"","",0
"Pair_840","TraesCS6A02G261600","TraesCS6A02G261500",542,-0.05,0.173499006355758,"","",0
"Pair_841","TraesCS6A02G287200","TraesCS6A02G287100",269,0.02,0.664630083888154,"MS DH ","",0
"Pair_842","TraesCS6A02G292800","TraesCS6A02G292700",435,0.24,9.76077908798956e-15,"10v14 ","",0
"Pair_843","TraesCS6A02G316300","TraesCS6A02G316200",293,-0.01,0.91571903171319,"MS 4v23 ","4v23 GO ",4
"Pair_844","TraesCS6A02G318300","TraesCS6A02G318200",142,0.19,2.34018077472804e-09,"4v23 ","4v23 ",1
"Pair_845","TraesCS6A02G340400","TraesCS6A02G340300",180,-0.06,0.0590710706079805,"DH ","10v14 MS 4v23 ",3
"Pair_846","TraesCS6A02G367600","TraesCS6A02G367500",425,0.02,0.745442700824088,"","",0
"Pair_847","TraesCS6A02G377900","TraesCS6A02G377800",141,-0.01,0.888551189857823,"4v23 DH ","4v23 DH ",4
"Pair_848","TraesCS6A02G385700","TraesCS6A02G385600",277,0.47,0,"4v23 DH ","",0
"Pair_849","TraesCS6A02G386000","TraesCS6A02G385900",193,0.44,0,"4v23 ","4v23 ",1
"Pair_85","TraesCS1D02G017800","TraesCS1D02G017700",536,0.97,0,"4v23 ","4v23 ",1
"Pair_850","TraesCS6A02G408100","TraesCS6A02G408000",306,0.26,0,"MS ","",0
"Pair_851","TraesCS6A02G409200","TraesCS6A02G409100",605,0.3,0,"4v23 ","",0
"Pair_852","TraesCS6A02G415931","TraesCS6A02G415900",749,0,0.952799512099599,"","",0
"Pair_853","TraesCS6B02G003500","TraesCS6B02G003400",236,0.41,0,"","",0
"Pair_854","TraesCS6B02G010200","TraesCS6B02G010100",651,0.23,1.80133287530573e-13,"","",0
"Pair_855","TraesCS6B02G040200","TraesCS6B02G040100",495,-0.01,0.866098390536501,"","",0
"Pair_856","TraesCS6B02G053000","TraesCS6B02G052900",200,0.49,0,"MS DH ","4v23 GO ",4
"Pair_857","TraesCS6B02G099900","TraesCS6B02G100000",656,0.96,0,"4v23 ","",0
"Pair_858","TraesCS6B02G129700","TraesCS6B02G129600",152,0.6,0,"MS 4v23 ","4v23 DH ",4
"Pair_859","TraesCS6B02G163200","TraesCS6B02G163100",359,0.16,2.29167319175006e-07,"MS ","MS 4v23 DH ",3
"Pair_86","TraesCS1D02G018000","TraesCS1D02G017900",536,0.69,0,"4v23 ","4v23 ",1
"Pair_860","TraesCS6B02G172900","TraesCS6B02G172800",967,-0.07,0.0427267069986352,"","4v23 ",0
"Pair_861","TraesCS6B02G186000","TraesCS6B02G185900",871,0.21,3.85628051230677e-11,"","",0
"Pair_862","TraesCS6B02G204800","TraesCS6B02G204700",535,-0.01,0.870382144665133,"MS ","MS 4v23 DH ",3
"Pair_863","TraesCS6B02G216600","TraesCS6B02G216500",201,0,0.972323079418512,"","",0
"Pair_864","TraesCS6B02G222300","TraesCS6B02G222200",849,0.06,0.0632986197731517,"","",0
"Pair_865","TraesCS6B02G232300","TraesCS6B02G232200",264,-0.01,0.897808044694358,"","",0
"Pair_866","TraesCS6B02G247300","TraesCS6B02G247200",173,0.33,0,"","DH ",0
"Pair_867","TraesCS6B02G248700","TraesCS6B02G248600",103,0.69,0,"4v23 DH ","MS 4v23 ",4
"Pair_868","TraesCS6B02G256900","TraesCS6B02G256800",672,-0.06,0.0648388771998074,"4v23 DH ","",0
"Pair_869","TraesCS6B02G260000","TraesCS6B02G259900",173,0.51,0,"","",0
"Pair_87","TraesCS1D02G019700","TraesCS1D02G019600",542,NA,NA,"4v23 ","",0
"Pair_870","TraesCS6B02G261400","TraesCS6B02G261300",502,0.46,0,"","",0
"Pair_871","TraesCS6B02G316400","TraesCS6B02G316300",264,0.03,0.425561105974783,"MS DH ","",0
"Pair_872","TraesCS6B02G329000","TraesCS6B02G328900",100,0.71,0,"DH ","DH ",1
"Pair_873","TraesCS6B02G346800","TraesCS6B02G346700",456,-0.04,0.329141401853343,"MS 4v23 ","4v23 ",2
"Pair_874","TraesCS6B02G348300","TraesCS6B02G348200",168,0.19,8.29569617525457e-10,"4v23 ","4v23 ",1
"Pair_875","TraesCS6B02G349700","TraesCS6B02G349600",766,0.19,4.43398552354254e-09,"","",0
"Pair_876","TraesCS6B02G361300","TraesCS6B02G361200",172,0.15,1.34414929997868e-06,"","",0
"Pair_877","TraesCS6B02G371600","TraesCS6B02G371500",200,-0.07,0.0519322860158767,"DH ","10v14 MS 4v23 ",3
"Pair_878","TraesCS6B02G410100","TraesCS6B02G410000",409,0.16,2.64403510701822e-07,"","4v23 ",0
"Pair_879","TraesCS6B02G415600","TraesCS6B02G415500",177,-0.1,0.00154835857631168,"4v23 DH ","4v23 DH ",4
"Pair_88","TraesCS1D02G041400","TraesCS1D02G041300",202,0.66,0,"MS 4v23 ","MS 4v23 ",4
"Pair_880","TraesCS6B02G424800","TraesCS6B02G424700",274,0.1,0.00211206684409161,"4v23 DH ","",0
"Pair_881","TraesCS6B02G426500","TraesCS6B02G426400",290,0.16,2.6840630415982e-07,"","",0
"Pair_882","TraesCS6B02G430100","TraesCS6B02G430000",183,-0.15,4.45215724014628e-06,"4v23 DH ","4v23 DH ",4
"Pair_883","TraesCS6B02G433000","TraesCS6B02G432900",890,0.06,0.104175349566465,"4v23 ","4v23 ",1
"Pair_884","TraesCS6B02G434200","TraesCS6B02G434100",161,0.43,0,"MS 4v23 ","",0
"Pair_885","TraesCS6B02G439400","TraesCS6B02G439300",191,0.37,0,"10v14 4v23 ","MS ",2
"Pair_886","TraesCS6B02G441600","TraesCS6B02G441500",610,-0.02,0.70644641271335,"","",0
"Pair_887","TraesCS6B02G443500","TraesCS6B02G443400",607,0.68,0,"","4v23 ",0
"Pair_888","TraesCS6B02G454900","TraesCS6B02G454800",354,0.83,0,"","",0
"Pair_889","TraesCS6B02G455100","TraesCS6B02G455000",338,0.46,0,"4v23 ","",0
"Pair_89","TraesCS1D02G055700","TraesCS1D02G055600",295,0.26,0,"4v23 ","",0
"Pair_890","TraesCS6D02G090000","TraesCS6D02G089900",158,0.5,0,"MS 4v23 ","4v23 DH ",4
"Pair_891","TraesCS6D02G117500","TraesCS6D02G117400",424,0.89,0,"4v23 ","",0
"Pair_892","TraesCS6D02G124300","TraesCS6D02G124200",376,0.05,0.113037224888111,"MS ","MS 4v23 DH ",3
"Pair_893","TraesCS6D02G140500","TraesCS6D02G140400",364,-0.08,0.01328242607634,"MS ","",0
"Pair_894","TraesCS6D02G141400","TraesCS6D02G141300",299,0.62,0,"4v23 ","4v23 DH ",2
"Pair_895","TraesCS6D02G150900","TraesCS6D02G150800",331,0.19,5.07564040098695e-09,"","",0
"Pair_896","TraesCS6D02G157000","TraesCS6D02G156900",458,0.6,0,"","MS 4v23 DH ",0
"Pair_897","TraesCS6D02G175300","TraesCS6D02G175100",694,0.04,0.216179932998938,"","",0
"Pair_898","TraesCS6D02G175900","TraesCS6D02G175800",364,-0.02,0.597830626492227,"","",0
"Pair_899","TraesCS6D02G176100","TraesCS6D02G176000",201,0,0.947592609240453,"","",0
"Pair_9","TraesCS1A02G098100","TraesCS1A02G098000",129,0.06,0.0771953339477128,"","",0
"Pair_90","TraesCS1D02G057000","TraesCS1D02G056900",391,0.21,3.11854578690332e-11,"","",0
"Pair_900","TraesCS6D02G180300","TraesCS6D02G180200",128,0.31,0,"","4v23 DH ",0
"Pair_901","TraesCS6D02G188500","TraesCS6D02G188400",395,-0.03,0.466919277183514,"4v23 ","4v23 ",1
"Pair_902","TraesCS6D02G200600","TraesCS6D02G200500",265,-0.01,0.918660453612215,"","",0
"Pair_903","TraesCS6D02G202300","TraesCS6D02G202200",124,0.72,0,"4v23 DH ","MS 4v23 ",4
"Pair_904","TraesCS6D02G207000","TraesCS6D02G206900",404,0.37,0,"","4v23 DH ",0
"Pair_905","TraesCS6D02G209500","TraesCS6D02G209400",462,0.37,0,"4v23 ","4v23 DH ",2
"Pair_906","TraesCS6D02G214000","TraesCS6D02G213900",172,0.52,0,"","DH ",0
"Pair_907","TraesCS6D02G231000","TraesCS6D02G230900",487,0.13,3.51773957802461e-05,"4v23 ","",0
"Pair_908","TraesCS6D02G269300","TraesCS6D02G269200",110,0.68,0,"MS 4v23 DH ","",0
"Pair_909","TraesCS6D02G273900","TraesCS6D02G273800",376,0.19,1.40284242888811e-09,"","",0
"Pair_91","TraesCS1D02G063300","TraesCS1D02G063200",366,-0.01,0.869359090203937,"","",0
"Pair_910","TraesCS6D02G279300","TraesCS6D02G279200",113,0.6,0,"DH ","DH ",1
"Pair_911","TraesCS6D02G297500","TraesCS6D02G297400",162,0.07,0.0485586707277335,"4v23 ","4v23 ",1
"Pair_912","TraesCS6D02G309500","TraesCS6D02G309400",219,0.1,0.00197352491979063,"","",0
"Pair_913","TraesCS6D02G314200","TraesCS6D02G314100",995,0.07,0.0278570402019523,"","",0
"Pair_914","TraesCS6D02G316900","TraesCS6D02G316800",364,-0.02,0.679441767788249,"","",0
"Pair_915","TraesCS6D02G320900","TraesCS6D02G320800",177,0.01,0.868990155865414,"DH ","10v14 MS 4v23 ",3
"Pair_916","TraesCS6D02G337600","TraesCS6D02G337500",635,0.04,0.311693916394248,"","",0
"Pair_917","TraesCS6D02G356400","TraesCS6D02G356300",229,0.21,4.53462685763804e-11,"","4v23 ",0
"Pair_918","TraesCS6D02G360500","TraesCS6D02G360400",176,0.19,9.77243856708094e-10,"4v23 ","MS ",1
"Pair_919","TraesCS6D02G374400","TraesCS6D02G374300",251,0.56,0,"4v23 DH ","",0
"Pair_92","TraesCS1D02G064100","TraesCS1D02G064000",120,-0.01,0.89012235507985,"MS ","4v23 ",1
"Pair_920","TraesCS6D02G374700","TraesCS6D02G374600",364,-0.01,0.787667197931427,"","",0
"Pair_921","TraesCS6D02G374900","TraesCS6D02G374800",201,0,0.935008245097689,"","",0
"Pair_922","TraesCS6D02G378500","TraesCS6D02G378400",826,0.03,0.486488685234347,"4v23 ","4v23 ",1
"Pair_923","TraesCS6D02G383300","TraesCS6D02G383200",141,0.28,0,"4v23 ","MS ",1
"Pair_924","TraesCS6D02G392600","TraesCS6D02G392500",448,0.82,0,"","",0
"Pair_925","TraesCS6D02G392800","TraesCS6D02G392700",275,0.17,1.382973729493e-07,"4v23 ","",0
"Pair_926","TraesCS7A02G008700","TraesCS7A02G008600",145,-0.14,9.7012180325995e-06,"","4v23 ",0
"Pair_927","TraesCS7A02G017600","TraesCS7A02G017500",225,0.22,8.70806251965652e-13,"4v23 ","4v23 ",1
"Pair_928","TraesCS7A02G022900","TraesCS7A02G022800",469,0.02,0.729873574194159,"","",0
"Pair_929","TraesCS7A02G059000","TraesCS7A02G058700",675,0.02,0.650775467210492,"","",0
"Pair_93","TraesCS1D02G070700","TraesCS1D02G070600",663,NA,NA,"","",0
"Pair_930","TraesCS7A02G061300","TraesCS7A02G061200",167,0.38,0,"","",0
"Pair_931","TraesCS7A02G067900","TraesCS7A02G067800",322,0.42,0,"","",0
"Pair_932","TraesCS7A02G098900","TraesCS7A02G098800",364,0,0.99629580271129,"","",0
"Pair_933","TraesCS7A02G099100","TraesCS7A02G099000",201,-0.01,0.852708859631208,"","",0
"Pair_934","TraesCS7A02G103500","TraesCS7A02G103400",793,0.25,0,"4v23 ","4v23 ",1
"Pair_935","TraesCS7A02G104800","TraesCS7A02G104700",298,0.59,0,"4v23 ","",0
"Pair_936","TraesCS7A02G110600","TraesCS7A02G110500",177,0.43,0,"4v23 ","4v23 ",1
"Pair_937","TraesCS7A02G117700","TraesCS7A02G117600",134,0.24,6.15596850544995e-14,"","4v23 ",0
"Pair_938","TraesCS7A02G121900","TraesCS7A02G121800",251,0.23,2.58288872933507e-13,"","4v23 ",0
"Pair_939","TraesCS7A02G131800","TraesCS7A02G131700",145,0.54,0,"4v23 DH ","",0
"Pair_94","TraesCS1D02G088300","TraesCS1D02G088200",252,0.58,0,"4v23 ","4v23 ",1
"Pair_940","TraesCS7A02G132500","TraesCS7A02G132400",129,0.49,0,"MS 4v23 DH ","4v23 ",3
"Pair_941","TraesCS7A02G141100","TraesCS7A02G141000",486,0.79,0,"4v23 DH ","",0
"Pair_942","TraesCS7A02G141700","TraesCS7A02G141600",360,-0.05,0.142903082110494,"","4v23 DH ",0
"Pair_943","TraesCS7A02G156000","TraesCS7A02G155900",248,-0.06,0.0821117239416865,"MS 4v23 DH ","MS 4v23 ",6
"Pair_944","TraesCS7A02G163500","TraesCS7A02G163400",373,0.23,1.17455178531211e-13,"MS ","MS 4v23 ",2
"Pair_945","TraesCS7A02G164500","TraesCS7A02G164400",364,-0.01,0.807903237254941,"","",0
"Pair_946","TraesCS7A02G200400","TraesCS7A02G200300",869,-0.38,0,"4v23 ","4v23 ",1
"Pair_947","TraesCS7A02G219200","TraesCS7A02G219100",277,0.08,0.0131505474825957,"DH ","MS ",1
"Pair_948","TraesCS7A02G222700","TraesCS7A02G222600",402,0.16,7.74148976205698e-07,"","4v23 ",0
"Pair_949","TraesCS7A02G227500","TraesCS7A02G227400",225,0.16,1.03071142919279e-06,"","4v23 DH ",0
"Pair_95","TraesCS1D02G091200","TraesCS1D02G091100",179,0.62,0,"","MS ",0
"Pair_950","TraesCS7A02G238200","TraesCS7A02G238100",130,0,0.94948005100118,"","",0
"Pair_951","TraesCS7A02G251600","TraesCS7A02G251500",181,-0.13,4.20277120373193e-05,"","",0
"Pair_952","TraesCS7A02G252500","TraesCS7A02G252400",707,0.08,0.0206966523839441,"4v23 ","4v23 ",1
"Pair_953","TraesCS7A02G256400","TraesCS7A02G256300",328,-0.04,0.249983652518844,"4v23 ","4v23 ",1
"Pair_954","TraesCS7A02G264000","TraesCS7A02G263900",208,0.63,0,"MS 4v23 ","MS 4v23 DH ",6
"Pair_955","TraesCS7A02G266100","TraesCS7A02G266000",162,0.6,0,"","4v23 ",0
"Pair_956","TraesCS7A02G289500","TraesCS7A02G289400",121,0.15,1.65526082905959e-06,"","",0
"Pair_957","TraesCS7A02G312500","TraesCS7A02G312400",155,0.16,3.71642605097639e-07,"4v23 DH ","DH ",2
"Pair_958","TraesCS7A02G329100","TraesCS7A02G329000",141,0.33,0,"4v23 ","",0
"Pair_959","TraesCS7A02G337200","TraesCS7A02G337100",735,0.05,0.122423451348341,"4v23 ","4v23 ",1
"Pair_96","TraesCS1D02G097100","TraesCS1D02G097000",161,0.05,0.14329326599624,"","",0
"Pair_960","TraesCS7A02G359900","TraesCS7A02G359800",404,0.11,0.00121346116547843,"","4v23 DH ",0
"Pair_961","TraesCS7A02G362700","TraesCS7A02G362600",156,0.03,0.517019884728049,"4v23 DH ","4v23 DH ",4
"Pair_962","TraesCS7A02G380900","TraesCS7A02G380800",121,-0.07,0.0420815973233052,"4v23 DH ","",0
"Pair_963","TraesCS7A02G388200","TraesCS7A02G388100",232,0.06,0.110513675998091,"","",0
"Pair_964","TraesCS7A02G401300","TraesCS7A02G401200",899,-0.21,7.08583606204819e-11,"4v23 ","MS 4v23 ",2
"Pair_965","TraesCS7A02G401700","TraesCS7A02G401600",406,0.91,0,"","",0
"Pair_966","TraesCS7A02G402200","TraesCS7A02G402100",319,0.29,0,"4v23 DH ","",0
"Pair_967","TraesCS7A02G405100","TraesCS7A02G405000",637,0.25,1.98142352101017e-15,"","",0
"Pair_968","TraesCS7A02G406000","TraesCS7A02G405900",185,0.12,0.000122329221600572,"","",0
"Pair_969","TraesCS7A02G412900","TraesCS7A02G412800",837,0.15,1.40175783906865e-06,"","",0
"Pair_97","TraesCS1D02G115100","TraesCS1D02G115000",299,0.05,0.192990253694698,"","",0
"Pair_970","TraesCS7A02G415200","TraesCS7A02G415100",198,-0.34,0,"","4v23 DH ",0
"Pair_971","TraesCS7A02G437200","TraesCS7A02G437100",422,-0.08,0.0164620260282232,"","DH ",0
"Pair_972","TraesCS7A02G437500","TraesCS7A02G437400",363,0.29,0,"","",0
"Pair_973","TraesCS7A02G449400","TraesCS7A02G449300",771,0.97,0,"","",0
"Pair_974","TraesCS7A02G469700","TraesCS7A02G469600",336,0.6,0,"","",0
"Pair_975","TraesCS7A02G526200","TraesCS7A02G526100",964,0.43,0,"","",0
"Pair_976","TraesCS7B02G008400","TraesCS7B02G008300",129,0.46,0,"4v23 ","4v23 ",1
"Pair_977","TraesCS7B02G014800","TraesCS7B02G014700",114,0.4,0,"","4v23 ",0
"Pair_978","TraesCS7B02G032500","TraesCS7B02G032400",195,0.67,0,"4v23 DH ","",0
"Pair_979","TraesCS7B02G033100","TraesCS7B02G033000",137,0.57,0,"MS 4v23 DH ","4v23 ",3
"Pair_98","TraesCS1D02G119000","TraesCS1D02G118900",792,-0.01,0.901225407248424,"10v14 4v23 ","",0
"Pair_980","TraesCS7B02G044400","TraesCS7B02G044300",419,-0.02,0.709878437510202,"4v23 DH ","",0
"Pair_981","TraesCS7B02G060100","TraesCS7B02G060000",177,-0.04,0.241015615706535,"MS 4v23 DH ","MS 4v23 ",6
"Pair_982","TraesCS7B02G078300","TraesCS7B02G078200",883,0.19,9.73351621524898e-10,"","4v23 GO ",0
"Pair_983","TraesCS7B02G107200","TraesCS7B02G107100",249,-0.26,0,"4v23 ","4v23 ",1
"Pair_984","TraesCS7B02G109800","TraesCS7B02G109700",194,-0.04,0.259429161200246,"","",0
"Pair_985","TraesCS7B02G153000","TraesCS7B02G152900",161,0.03,0.433948789480309,"4v23 ","4v23 ",1
"Pair_986","TraesCS7B02G162000","TraesCS7B02G161900",112,0.61,0,"MS 4v23 ","MS 4v23 DH ",6
"Pair_987","TraesCS7B02G166400","TraesCS7B02G166300",190,0.65,0,"4v23 ","",0
"Pair_988","TraesCS7B02G192100","TraesCS7B02G192000",175,0.1,0.00184810252424535,"4v23 DH ","",0
"Pair_989","TraesCS7B02G203100","TraesCS7B02G203000",399,0.03,0.363387185390792,"","4v23 ",0
"Pair_99","TraesCS1D02G138800","TraesCS1D02G138700",262,0.17,5.76121838381355e-08,"4v23 ","",0
"Pair_990","TraesCS7B02G212200","TraesCS7B02G212100",149,0.27,0,"4v23 DH ","DH ",2
"Pair_991","TraesCS7B02G229800","TraesCS7B02G229700",106,0.43,0,"4v23 ","",0
"Pair_992","TraesCS7B02G249200","TraesCS7B02G249100",326,0.32,0,"4v23 ","4v23 DH ",2
"Pair_993","TraesCS7B02G259600","TraesCS7B02G259500",294,-0.01,0.908679709413312,"MS 4v23 ","",0
"Pair_994","TraesCS7B02G262400","TraesCS7B02G262300",736,0.84,0,"","",0
"Pair_995","TraesCS7B02G272200","TraesCS7B02G272100",522,0,0.936236088012596,"","",0
"Pair_996","TraesCS7B02G302300","TraesCS7B02G302200",342,0.39,0,"4v23 DH ","",0
"Pair_997","TraesCS7B02G305900","TraesCS7B02G305800",234,0.11,0.00105446220322904,"","",0
"Pair_998","TraesCS7B02G308700","TraesCS7B02G308600",584,0.07,0.0267379298603802,"DH ","",0
"Pair_999","TraesCS7B02G315100","TraesCS7B02G315000",492,-0.33,0,"","4v23 DH ",0
